signature_id,time_window,gene,omitted_dataset,cohort_n,pooled_contribution,ci95_lower,ci95_upper,tau2,I2_percent
SIG001,T1,CEACAM1,GSE236713,3,-0.16968503914337604,-0.4828278486175085,0.14345777033075638,0.014017604177864644,88.25406703745428
SIG001,T1,CEACAM1,GSE57065,3,-0.09094716671158405,-0.2691883626257855,0.08729402920261738,0.003597306324742019,72.49374214502792
SIG001,T1,CEACAM1,GSE95233,3,-0.1289428770811747,-0.4695336786353806,0.2116479244730312,0.017031117776621984,91.28828147450407
SIG001,T1,CEACAM1,GSE54514,3,-0.17347993697866937,-0.45822003056743377,0.11126015661009503,0.012017754077355435,92.11963741671507
SIG001,T1,ZDHHC19,GSE236713,3,-0.006435932509457925,-0.2846080195545049,0.2717361545355891,0.00697419654267988,61.132523162389305
SIG001,T1,ZDHHC19,GSE57065,3,-0.06938449847631975,-0.36956924847962325,0.23080025152698377,0.010819102684213978,75.37884842110016
SIG001,T1,ZDHHC19,GSE95233,3,-0.07549126133892049,-0.32798801084421064,0.17700548816636968,0.007608714486446301,74.22045906393858
SIG001,T1,ZDHHC19,GSE54514,3,-0.013555921937588079,-0.2649244039150645,0.23781256003988832,0.007977022572492349,78.05611012506101
SIG001,T1,NMRK1,GSE236713,3,-0.014432998783842816,-0.07693864345335107,0.04807264588566544,0.00025938619062461956,31.25720991113303
SIG001,T1,NMRK1,GSE57065,3,-0.012987536854305093,-0.05861111932336177,0.032636045614751585,0.0001662355691116394,38.38977580818793
SIG001,T1,NMRK1,GSE95233,3,-0.011289380764989702,-0.05766832032122077,0.03508955879124136,0.00014056548716295895,42.59555814957541
SIG001,T1,NMRK1,GSE54514,3,-0.00456504456243566,-0.012898759190049021,0.003768670065177699,0.0,0.0
SIG001,T1,GNA15,GSE236713,3,-0.02735299105130933,-0.13285169114761877,0.07814570904500011,0.0014141213920131394,75.64442518126918
SIG001,T1,GNA15,GSE57065,3,-0.008030719394162911,-0.030090796802640395,0.014029358014314574,0.0,0.0
SIG001,T1,GNA15,GSE95233,3,-0.024183275073894034,-0.1248152748805782,0.07644872473279013,0.001307465937402048,82.23690733069631
SIG001,T1,GNA15,GSE54514,3,-0.03204916495481187,-0.11551524709421655,0.051416917184592806,0.0009005454002863801,78.68782518395669
SIG001,T1,BATF,GSE236713,3,-0.03553838605274443,-0.0532391777857435,-0.01783759431974537,0.0,0.0
SIG001,T1,BATF,GSE57065,3,-0.007250682943605185,-0.02065192718395455,0.00615056129674418,0.0,0.0
SIG001,T1,BATF,GSE95233,3,-0.019617413941888068,-0.0663659766429072,0.02713114875913107,0.0002712596856255046,54.82587752226971
SIG001,T1,BATF,GSE54514,3,-0.019684695915823967,-0.06652849117201767,0.02715909934036973,0.0002726214345353337,54.989266267706086
SIG001,T1,C3AR1,GSE236713,3,0.0117511253768841,-0.16286420030173485,0.18636645105550306,0.004373665569835373,88.76137023526422
SIG001,T1,C3AR1,GSE57065,3,-0.008580192437848043,-0.13023389552603754,0.11307351065034144,0.0018017900716382302,77.33257410795295
SIG001,T1,C3AR1,GSE95233,3,0.0036056687052470927,-0.1623026665311047,0.16951400394159888,0.003938357473918624,89.11382483410289
SIG001,T1,C3AR1,GSE54514,3,0.03183015040068246,-0.049445142013070334,0.11310544281443526,0.0008818644186991113,80.06251229530437
SIG001,T1,FAM214A,GSE236713,3,-0.029592275458659847,-0.09620394204081678,0.037019391123497086,0.00045695999666786185,56.47590828306043
SIG001,T1,FAM214A,GSE57065,3,-0.021036153066869994,-0.07989666805103766,0.03782436191729768,0.0002885141240775619,58.47524992395733
SIG001,T1,FAM214A,GSE95233,3,-0.01380214913289062,-0.0346564952801784,0.007052197014397155,0.0,0.0
SIG001,T1,FAM214A,GSE54514,3,-0.030210743433695734,-0.08398237034980804,0.02356088348241658,0.00032110091622366394,54.31249561912516
SIG001,T1,TGFBI,GSE236713,3,-0.07508416222239046,-0.12246114469945027,-0.02770717974533065,0.0,0.0
SIG001,T1,TGFBI,GSE57065,3,-0.050805363479475,-0.14164672849713036,0.040036001538180356,0.0008655699215101253,42.85986620448662
SIG001,T1,TGFBI,GSE95233,3,-0.03873024349415905,-0.08979330545936744,0.012332818471049334,0.00020467982558367638,0.0
SIG001,T1,TGFBI,GSE54514,3,-0.05261198434369125,-0.13820124729464667,0.03297727860726416,0.0007284173030610856,55.148334834018065
SIG001,T1,MTCH1,GSE236713,3,-0.0027802419261153998,-0.011997174459358176,0.006436690607127375,0.0,0.0
SIG001,T1,MTCH1,GSE57065,3,0.001293198640156918,-0.011252066203262783,0.013838463483576618,0.0,0.0
SIG001,T1,MTCH1,GSE95233,3,-0.00013811040600594253,-0.01730048413575879,0.01702426332374691,1.383042861930702e-05,9.642581664705336
SIG001,T1,MTCH1,GSE54514,3,0.0012624206030881066,-0.009976191533383916,0.01250103273956013,0.0,0.0
SIG001,T1,RPGRIP1,GSE236713,3,-0.024656966305475397,-0.10547949440116632,0.05616556179021552,0.0008443310203405962,71.8973593500363
SIG001,T1,RPGRIP1,GSE57065,3,-0.05325596500820431,-0.20467451336526502,0.09816258334885639,0.0034778714882668657,90.92623549782375
SIG001,T1,RPGRIP1,GSE95233,3,-0.049884999438316396,-0.19301249119959393,0.09324249232296114,0.0029993801023922404,91.99555579362428
SIG001,T1,RPGRIP1,GSE54514,3,-0.07450261396522706,-0.16713378877060908,0.01812856084015496,0.0009104236552900057,54.848236786869656
SIG001,T1,HLA-DPB1,GSE236713,3,-0.008013103881624736,-0.05675859828735255,0.040732390524103074,0.000197236147062634,28.271744377878377
SIG001,T1,HLA-DPB1,GSE57065,3,-0.014791206920079458,-0.030932839682438377,0.0013504258422794603,0.0,0.0
SIG001,T1,HLA-DPB1,GSE95233,3,-0.012047834213862857,-0.0444288571121723,0.020333188684446585,0.0,27.572043214980436
SIG001,T1,HLA-DPB1,GSE54514,3,-0.0058367115233085185,-0.03629546127823124,0.0246220382316142,1.0141011948882318e-05,0.0
SIG002,T1,PLAC8,GSE236713,2,-0.2445832379275712,-1.0071752157558163,0.5180087399006739,0.0,0.0
SIG002,T1,PLAC8,GSE57065,2,-0.1274857191718609,-0.3316320339192287,0.07666059557550689,0.0,0.0
SIG002,T1,PLAC8,GSE95233,2,-0.1682034275416789,-1.1646742202587028,0.828267365175345,0.0067266555485366265,41.02304862528035
SIG002,T1,LAMP1,GSE236713,2,-0.028716219536634568,-0.7521745597829645,0.6947421207096953,0.003632494050877218,56.02390831609685
SIG002,T1,LAMP1,GSE57065,2,-0.023436762636429416,-0.3901713550757638,0.34329782980290496,0.0006480856149595793,28.087333025702538
SIG002,T1,LAMP1,GSE95233,2,-0.04571906595496895,-0.24548219927010825,0.15404406736017037,0.0,0.0
SIG002,T1,PLA2G7,GSE236713,2,0.47508845552411477,-0.7127830016158154,1.662959912664045,0.0019708342544462777,11.017745845751307
SIG002,T1,PLA2G7,GSE57065,2,0.18227483752583404,-1.856037585085062,2.22058726013673,0.04095652054917155,78.10274171908658
SIG002,T1,PLA2G7,GSE95233,2,0.29023724434557585,-2.967015604475624,3.5474900931667754,0.12280017664413448,93.32634733896079
SIG002,T1,CEACAM4,GSE236713,2,-0.3368925256314292,-0.7234190493014404,0.04963399803858204,0.0,0.0
SIG002,T1,CEACAM4,GSE57065,2,-0.14753456094062808,-2.986963546148248,2.691894424266992,0.0931758392294085,93.00121541887168
SIG002,T1,CEACAM4,GSE95233,2,-0.12161538335861362,-2.541124206915057,2.29789344019783,0.06921443683072347,95.37512767555783
SIG003,T1,FAIM3,GSE236713,2,-0.020501666279430106,-0.6584987144012187,0.6174953818423585,0.0,0.0
SIG003,T1,FAIM3,GSE57065,2,0.009673517172106497,-0.38436109181389394,0.403708126158107,0.0,0.0
SIG003,T1,FAIM3,GSE95233,2,0.020416201499413714,0.016331969588368866,0.02450043341045856,0.0,0.0
SIG003,T1,PLAC8,GSE236713,2,-0.18705003060528158,-0.8030751343738879,0.4289750731633247,0.0,0.0
SIG003,T1,PLAC8,GSE57065,2,-0.16448987002354715,-0.33710252398330187,0.008122783936207606,0.0,0.0
SIG003,T1,PLAC8,GSE95233,2,-0.19179193795350954,-0.5756215541503246,0.19203767824330545,0.0,0.0
SIG004,T1,NLRP1,GSE236713,2,0.18703661024520682,0.131689336507086,0.24238388398332764,0.0,0.0
SIG004,T1,NLRP1,GSE57065,2,0.10529392682409491,-0.5281977930028978,0.7387856466510876,0.0006396264466974433,9.48888468760625
SIG004,T1,NLRP1,GSE95233,2,0.11970944254741023,-0.5457389023624237,0.7851577874572442,0.0019207901241111902,33.603406910753556
SIG004,T1,IDNK,GSE236713,2,-0.24283779010881118,-1.3908104016519678,0.9051348214343453,0.0,0.0
SIG004,T1,IDNK,GSE57065,2,-0.10210991171663904,-2.6309024978876017,2.4266826744543235,0.057239612387876324,65.66021509663157
SIG004,T1,IDNK,GSE95233,2,-0.016937798644403108,-1.2815317658815248,1.2476561685927188,0.009971018067404776,39.6813225529025
SIG004,T1,PLAC8,GSE236713,2,-0.04533380687597382,-0.19782225058166153,0.10715463682971388,0.0,0.0
SIG004,T1,PLAC8,GSE57065,2,-0.018659757442925248,-0.39984958229610135,0.36253006741025084,0.001151145074833367,51.75768063123788
SIG004,T1,PLAC8,GSE95233,2,-0.0120878878044816,-0.2405268209685034,0.21635104535954017,0.00037062614547694146,49.550591078574804
SIG022,T1,IFI27,GSE236713,3,-0.13683364269898576,-0.5332451588389886,0.259577873441017,0.011480012365853238,52.223856614783706
SIG022,T1,IFI27,GSE57065,3,-0.06582957065280545,-0.454880640527752,0.32322149922214105,0.013375653999499942,59.5414031505134
SIG022,T1,IFI27,GSE95233,3,-0.058659346596105756,-0.33768223548807097,0.22036354229585944,0.006575988590910215,56.62850392518091
SIG022,T1,IFI27,GSE54514,3,-0.12827674931721292,-0.42528454502752455,0.16873104639309874,0.009996895188873514,69.49896649857759
SIG022,T1,JUP,GSE236713,3,-0.012795591345016167,-0.10174002429880243,0.0761488416087701,0.0007675295614193759,54.111372471525165
SIG022,T1,JUP,GSE57065,3,0.0031681401537325764,-0.03275032940415005,0.0390866097116152,0.0,0.0
SIG022,T1,JUP,GSE95233,3,-0.008406062012316548,-0.0902028755209883,0.07339075149635521,0.000568820809920366,56.12999714759916
SIG022,T1,JUP,GSE54514,3,-0.018179641979920443,-0.07926935771052658,0.04291007375068569,0.00022828043840346165,21.797007613807263
SIG022,T1,LAX1,GSE236713,3,0.058838977899571855,-0.01960583419366601,0.1372837899928097,0.0,0.0
SIG022,T1,LAX1,GSE57065,3,0.03893607347314431,-0.04665958394915363,0.12453173089544226,0.0007006677255361184,42.82493037701332
SIG022,T1,LAX1,GSE95233,3,0.035795341246162814,-0.05853101771196007,0.1301217002042857,0.0008667237250819542,43.73701278500522
SIG022,T1,LAX1,GSE54514,3,0.016998261127426854,-0.008222789059878735,0.042219311314732444,0.0,0.0
SIG022,T1,HK3,GSE236713,3,0.05125884285908725,0.015105977256548525,0.08741170846162598,0.0,0.0
SIG022,T1,HK3,GSE57065,3,0.04653767207046662,0.0020358863667996954,0.09103945777413355,0.0,0.0
SIG022,T1,HK3,GSE95233,3,0.04236420225836962,0.008495015557818515,0.07623338895892073,0.0,0.0
SIG022,T1,HK3,GSE54514,3,0.04107418259125256,0.014541278978796215,0.06760708620370891,0.0,0.0
SIG022,T1,TNIP1,GSE236713,3,-0.031104642456192072,-0.12328235819594378,0.06107307328355964,0.0007782779680518807,46.50303238121442
SIG022,T1,TNIP1,GSE57065,3,-0.028911875205305058,-0.10543525330937131,0.047611502898761204,0.0007566751204174737,63.45880082172722
SIG022,T1,TNIP1,GSE95233,3,-0.017295121055287545,-0.09907642016554666,0.06448617805497156,0.0006334464114164158,62.335555295983944
SIG022,T1,TNIP1,GSE54514,3,-0.005395180131377748,-0.026882810364085463,0.016092450101329966,0.0,0.0
SIG022,T1,GPAA1,GSE236713,3,-0.005195301838225685,-0.0774451756162697,0.06705457193981834,0.0004164350774631597,52.86713897169775
SIG022,T1,GPAA1,GSE57065,3,-0.005485120692551383,-0.044763169485281765,0.033792928100179004,9.502121358144368e-05,31.53958839384347
SIG022,T1,GPAA1,GSE95233,3,0.0019258638363788675,-0.0336262491657567,0.037477976838514435,3.424514586021358e-05,36.52683752978324
SIG022,T1,GPAA1,GSE54514,3,0.004627770961040631,-0.028596778042344652,0.037852319964425916,0.0,31.59145505380687
SIG022,T1,CTSB,GSE236713,3,0.006626878462795426,-0.08448078333911381,0.09773454026470467,0.0005925878139227039,44.64622740486962
SIG022,T1,CTSB,GSE57065,3,-0.014629889427014837,-0.0340790137244462,0.004819234870416526,0.0,0.0
SIG022,T1,CTSB,GSE95233,3,0.003799094409869652,-0.07175330992260466,0.07935149874234397,0.0005256829372603935,55.89379835077558
SIG022,T1,CTSB,GSE54514,3,-0.0010083447935011242,-0.0912860724291394,0.08926938284213716,0.0007566571158885316,60.18999267779294
SIG023,T1,FAM89A,GSE236713,3,-0.03976333881554896,-0.35204110837370395,0.27251443074260606,0.01054449899909285,69.30548541513807
SIG023,T1,FAM89A,GSE57065,3,-0.047182791449170716,-0.33576524292880816,0.24139966003046676,0.008398934038662443,66.41140301039682
SIG023,T1,FAM89A,GSE95233,3,-0.04619571406506514,-0.303164980845476,0.21077355271534573,0.00633802637854938,65.82936999526444
SIG023,T1,FAM89A,GSE54514,3,-0.0029932633954820923,-0.053872297567165585,0.047885770776201396,0.0,0.0
SIG023,T1,IFI44L,GSE236713,3,0.14025504144140674,-0.619208859577761,0.8997189424605745,0.06734040244692245,74.10721712759532
SIG023,T1,IFI44L,GSE57065,3,0.015077114607249956,-0.6392915522676718,0.6694457814821716,0.05093561013357158,79.10627312118213
SIG023,T1,IFI44L,GSE95233,3,0.02056328187164919,-0.6508390208210703,0.6919655845643687,0.056149005739653625,83.10850306829118
SIG023,T1,IFI44L,GSE54514,3,0.16447055286618822,-0.3372760982161807,0.6662172039485572,0.03628220825176588,87.46833732763342
SIG033,T1,ADRB2,GSE236713,3,0.04360317048574005,-0.12499528859996373,0.21220162957144384,0.0021216655582517907,44.07763434625356
SIG033,T1,ADRB2,GSE57065,3,0.022868894458809953,-0.1948483545488851,0.24058614346650503,0.006312799378662189,81.32400950822152
SIG033,T1,ADRB2,GSE95233,3,0.011825498047952545,-0.20501657521619537,0.22866757131210047,0.00589788048148488,79.94706000327156
SIG033,T1,ADRB2,GSE54514,3,-0.0330418442123007,-0.11569946844552084,0.04961578002091945,0.00039509939333660986,9.635068918149955
SIG033,T1,CTSG,GSE236713,3,0.0227588013213467,-0.040248560444381916,0.08576616308707533,0.0,0.0
SIG033,T1,CTSG,GSE57065,3,0.032155906359528925,0.004004251253676469,0.06030756146538138,0.0,0.0
SIG033,T1,CTSG,GSE95233,3,0.027574141530350208,-0.006678188393820481,0.0618264714545209,0.0,0.0
SIG033,T1,CTSG,GSE54514,3,0.026805320467262007,0.0038771493066894133,0.0497334916278346,0.0,0.0
SIG033,T1,CX3CR1,GSE236713,3,-0.011687132227588487,-0.15435473812399766,0.13098047366882068,0.002200994825788958,64.0810667542842
SIG033,T1,CX3CR1,GSE57065,3,-0.04742076268842927,-0.0769773906592212,-0.01786413471763734,0.0,0.0
SIG033,T1,CX3CR1,GSE95233,3,-0.01198124140686521,-0.12812651062960462,0.1041640278158742,0.0017943303060437667,78.43825171983376
SIG033,T1,CX3CR1,GSE54514,3,-0.024230523749527708,-0.16666323863689098,0.11820219113783555,0.002512442042205812,80.23918703394314
SIG033,T1,CXCR6,GSE236713,3,0.027227935832444226,-0.053598324976971125,0.10805419664185958,0.0,0.0
SIG033,T1,CXCR6,GSE57065,3,0.03257596593129476,-0.04423341647453122,0.10938534833712074,0.0,0.0
SIG033,T1,CXCR6,GSE95233,3,0.03924322416276939,-0.0011015607246146614,0.07958800905015344,0.0,0.0
SIG033,T1,CXCR6,GSE54514,3,0.010981384497861742,-0.06366345376363158,0.08562622275935505,0.0,0.0
SIG033,T1,IL4R,GSE236713,3,0.05372071809308484,-0.010947326460584626,0.1183887626467543,0.0,0.0
SIG033,T1,IL4R,GSE57065,3,0.05301899549283872,0.006070053119949577,0.09996793786572786,0.0,0.0
SIG033,T1,IL4R,GSE95233,3,0.062048950423255436,0.04236101538578084,0.08173688546073003,0.0,0.0
SIG033,T1,IL4R,GSE54514,3,0.058558701507595304,0.008273813307891495,0.10884358970729911,0.0,0.0
SIG033,T1,LTB,GSE236713,3,-0.18245002225973736,-0.5498381941737397,0.184938149654265,0.012877437308399926,67.56885227766838
SIG033,T1,LTB,GSE57065,3,-0.1846762060745534,-0.5029407071451528,0.133588294996046,0.007431143025263479,59.85324464530034
SIG033,T1,LTB,GSE95233,3,-0.17175249835340933,-0.5297736012768833,0.18626860457006467,0.011711080270180795,67.12345806495868
SIG033,T1,LTB,GSE54514,3,-0.11934410662891892,-0.17212671707629695,-0.06656149618154089,0.0,0.0
SIG033,T1,TMSB10,GSE236713,3,-0.18167869194643932,-0.5743341561503172,0.21097677225743866,0.017739834523404826,73.95839673069804
SIG033,T1,TMSB10,GSE57065,3,-0.16731890157829948,-0.6072656769496281,0.2726278737930291,0.024544751965172692,81.58171029168832
SIG033,T1,TMSB10,GSE95233,3,-0.1625954019625597,-0.6089010749390202,0.2837102710139008,0.025341707078417722,81.26793888928259
SIG033,T1,TMSB10,GSE54514,3,-0.07958566424449959,-0.16525756504094027,0.006086236551941099,0.0,0.0
SIG034,T1,NQO2,GSE236713,3,0.021644033711106878,-0.024750632824054413,0.06803870024626817,0.00025062755725046887,71.09673807620533
SIG034,T1,NQO2,GSE57065,3,0.0026970997255458787,-0.016846813340128677,0.022241012791220434,2.659028245956401e-06,0.0
SIG034,T1,NQO2,GSE95233,3,0.014142580383064061,-0.041845163228352376,0.07013032399448049,0.00045889808183564645,91.05902248259943
SIG034,T1,NQO2,GSE54514,3,0.017765063123817575,-0.03239853907693252,0.06792866532456766,0.000373334174488524,90.60452237963686
SIG034,T1,SLPI,GSE236713,3,-0.0035599203667087934,-0.05618025699059249,0.049060416257174895,0.00017971967499328358,39.62614326093486
SIG034,T1,SLPI,GSE57065,3,0.02020214068430361,-0.016269424974888844,0.05667370634349607,0.00011910410912594168,27.46916876427926
SIG034,T1,SLPI,GSE95233,3,0.009273951905272816,-0.06582266539904943,0.08437056920959507,0.0007570450319646949,81.03676626704754
SIG034,T1,SLPI,GSE54514,3,0.005358374705705707,-0.06214083188374981,0.07285758129516122,0.0006020746197224916,81.81828950547667
SIG034,T1,ORM1,GSE236713,3,0.011286664073010884,-0.10765906616441578,0.13023239431043754,0.0018517725832228294,81.00616911894683
SIG034,T1,ORM1,GSE57065,3,0.0055796713276796625,-0.09366990596168426,0.10482924861704357,0.001233030015678833,79.10144099121126
SIG034,T1,ORM1,GSE95233,3,0.007366618889123993,-0.10134296975277504,0.11607620753102302,0.0014946477362687732,80.22928054749238
SIG034,T1,ORM1,GSE54514,3,0.023170631924257647,0.002386365997771065,0.04395489785074423,0.0,0.0
SIG034,T1,KLHL2,GSE236713,3,-0.010235838915704185,-0.04385603949476703,0.023384361663358666,4.2650408400358616e-05,20.28127626444497
SIG034,T1,KLHL2,GSE57065,3,-0.01481784848136488,-0.024995471905208455,-0.004640225057521307,0.0,0.0
SIG034,T1,KLHL2,GSE95233,3,-0.009963293085619263,-0.035885917382284735,0.015959331211046212,5.422186997994105e-06,13.76816692721538
SIG034,T1,KLHL2,GSE54514,3,-0.010221078226644541,-0.031960321930858966,0.011518165477569883,0.0,0.0
SIG034,T1,ANXA3,GSE236713,3,-0.02042005264414549,-0.03101126524294276,-0.009828840045348225,0.0,0.0
SIG034,T1,ANXA3,GSE57065,3,-0.01822896506182179,-0.025629285056847168,-0.010828645066796413,0.0,0.0
SIG034,T1,ANXA3,GSE95233,3,-0.0186588312979248,-0.03141445407548137,-0.005903208520368226,0.0,0.0
SIG034,T1,ANXA3,GSE54514,3,-0.019840096738494233,-0.027789298144288488,-0.011890895332699979,0.0,0.0
SIG034,T1,TXN,GSE236713,3,0.0007223413025130142,-0.028574194786002968,0.030018877391029,7.490268586937503e-05,56.417948261082074
SIG034,T1,TXN,GSE57065,3,0.001695608814088476,-0.020443456897871734,0.023834674526048684,3.3890511307330753e-05,58.78925913543439
SIG034,T1,TXN,GSE95233,3,0.0024099528437697766,-0.010324404818306125,0.015144310505845677,0.0,33.30617768445583
SIG034,T1,TXN,GSE54514,3,-0.0009859359376056802,-0.011514678481314723,0.009542806606103361,8.175363771612519e-06,8.128509209795032
SIG034,T1,AQP9,GSE236713,3,0.0022257989665907187,-0.026441192235654578,0.030892790168836014,5.886992901075376e-05,56.04908489362954
SIG034,T1,AQP9,GSE57065,3,-0.0007339774478173933,-0.03045231059558166,0.02898435569994687,8.157460457595194e-05,63.5454731381746
SIG034,T1,AQP9,GSE95233,3,-0.0010541683147207556,-0.017429241653031047,0.015320905023589538,8.028545873650191e-06,38.07348966278285
SIG034,T1,AQP9,GSE54514,3,0.0026558042864002806,-0.012795057959446101,0.01810666653224666,1.4006548599070195e-05,41.80718437275255
SIG034,T1,BCL6,GSE236713,3,-0.0002254906394650766,-0.04278367170453411,0.04233269042560395,0.00022625869840362455,78.4822829979695
SIG034,T1,BCL6,GSE57065,3,-0.006720056428654773,-0.027794166859345985,0.014354054002036438,8.963807464192263e-06,34.07191595598428
SIG034,T1,BCL6,GSE95233,3,-0.003110450784795988,-0.04596552421084455,0.03974462264125258,0.00024085964263640671,83.01304674938939
SIG034,T1,BCL6,GSE54514,3,0.0026378244325465086,-0.025182554334416834,0.030458203199509853,9.298156602953232e-05,73.34035032050294
SIG034,T1,DOK3,GSE236713,3,0.0034250815249375413,-0.026916746139452122,0.033766909189327204,9.662871706406374e-05,67.44784407491953
SIG034,T1,DOK3,GSE57065,3,-0.00020857026181777047,-0.03146163920865128,0.031044498685015746,0.00011827563877184799,77.73408244923193
SIG034,T1,DOK3,GSE95233,3,-0.002604476124238118,-0.019563218212034904,0.014354265963558668,1.4973208524967456e-05,39.46497083924156
SIG034,T1,DOK3,GSE54514,3,0.0038835143416395927,-0.018635200786477558,0.026402229469756743,6.160386682139686e-05,74.62677236940684
SIG034,T1,PFKFB4,GSE236713,3,0.007836964246666859,-0.047129140904503014,0.06280306939783672,0.0003931079261077764,81.26282460307944
SIG034,T1,PFKFB4,GSE57065,3,0.001254369882798497,-0.047841627043155366,0.050350366808752364,0.0003124703527791749,82.99582764733047
SIG034,T1,PFKFB4,GSE95233,3,0.0007639069855895925,-0.04541824998702487,0.046946063958204054,0.00027048140494632396,81.94072351802974
SIG034,T1,PFKFB4,GSE54514,3,0.012221399159284352,-0.0172854228353645,0.0417282211539332,0.00011190465808186654,78.50273696455548
SIG034,T1,TYK2,GSE236713,3,0.016890308050558578,-0.03426113378591683,0.06804174988703399,0.0003784087979436057,89.28540069971608
SIG034,T1,TYK2,GSE57065,3,0.010182381163245104,-0.026284021210118268,0.04664878353660847,0.00016795684651800183,78.07593451108322
SIG034,T1,TYK2,GSE95233,3,0.013988731109436872,-0.035629821838460474,0.06360728405733422,0.0003545963480462112,88.90586220474111
SIG034,T1,TYK2,GSE54514,3,0.023558668154189322,-0.0014927092302251775,0.04861004553860382,5.980635748504821e-05,58.20526874526516
SIG034,T1,BCL2L11,GSE236713,3,0.0046952036320113254,-0.018720572202596653,0.0281109794666193,5.9168532174791234e-05,71.45258750660159
SIG034,T1,BCL2L11,GSE57065,3,0.004850126178456433,-0.014535733748327378,0.024235986105240245,3.402718537072019e-05,67.33600351195587
SIG034,T1,BCL2L11,GSE95233,3,0.0013679762372276526,-0.003968104672819169,0.006704057147274474,0.0,0.0
SIG034,T1,BCL2L11,GSE54514,3,0.0038969872269784085,-0.02073005357918119,0.02852402803313801,6.739261593697628e-05,72.02500002386954
SIG034,T1,BCAT1,GSE236713,3,0.024196958370430507,-0.07502438566479315,0.12341830240565417,0.001456300048061787,90.97160462903548
SIG034,T1,BCAT1,GSE57065,3,0.007592741889073044,-0.07077871175847858,0.08596419553662468,0.0008235072485509932,84.29855789516691
SIG034,T1,BCAT1,GSE95233,3,0.010208446842638707,-0.07801162387267702,0.09842851755795443,0.0010958331204753945,87.60937084101272
SIG034,T1,BCAT1,GSE54514,3,0.030333347490796265,-0.036851689162815005,0.09751838414440753,0.0006511813892558611,87.21257302622571
SIG034,T1,BTBD7,GSE236713,3,-0.0030232014438315055,-0.0076240377907825785,0.001577634903119568,0.0,0.0
SIG034,T1,BTBD7,GSE57065,3,-0.0014629377587359398,-0.007418503786966043,0.004492628269494163,1.9111974299355893e-06,20.036088256062584
SIG034,T1,BTBD7,GSE95233,3,-0.002333628783773086,-0.008142900792972712,0.0034756432254265403,1.513489370630492e-06,22.855843242981294
SIG034,T1,BTBD7,GSE54514,3,-0.0010610070698494785,-0.0065265943243789344,0.004404580184679977,0.0,0.0
SIG034,T1,CEP55,GSE236713,3,-0.02186032950907549,-0.07077019494847782,0.02704953593032684,0.000205235853456227,41.97641220861599
SIG034,T1,CEP55,GSE57065,3,-0.012575392796982589,-0.02597832302408944,0.0008275374301242623,0.0,0.0
SIG034,T1,CEP55,GSE95233,3,-0.0128829571185948,-0.03477386653139479,0.009007952294205193,0.0,26.484708330355556
SIG034,T1,CEP55,GSE54514,3,-0.022208598270251262,-0.06287472195264848,0.01845752541214595,0.00010390869460421048,23.346219888961897
SIG034,T1,HMMR,GSE236713,3,-0.009185562922067023,-0.017795081389201696,-0.0005760444549323517,0.0,0.0
SIG034,T1,HMMR,GSE57065,3,-0.008448320767320862,-0.014227101107870028,-0.002669540426771695,0.0,0.0
SIG034,T1,HMMR,GSE95233,3,-0.008542155052428821,-0.013357599068957556,-0.0037267110359000847,0.0,0.0
SIG034,T1,HMMR,GSE54514,3,-0.009837089297878987,-0.02003913476990971,0.0003649561741517343,0.0,0.0
SIG034,T1,PRC1,GSE236713,3,-0.010390037463896174,-0.044962186275671286,0.024182111347878933,8.945224158694597e-05,36.542553774243785
SIG034,T1,PRC1,GSE57065,3,-0.00500876256990282,-0.013720085915643668,0.003702560775838029,0.0,0.0
SIG034,T1,PRC1,GSE95233,3,-0.0056607256206095,-0.021902313029809578,0.010580861788590579,0.0,31.05583445967489
SIG034,T1,PRC1,GSE54514,3,-0.010225100779586728,-0.03449084584363768,0.014040644284464223,4.1777432219568055e-05,19.057419959294002
SIG034,T1,KIF15,GSE236713,3,-0.0007522143180894817,-0.008401497236114296,0.006897068599935332,0.0,0.0
SIG034,T1,KIF15,GSE57065,3,-2.6461598602430478e-05,-0.010317996179943811,0.010265072982738951,3.184113233272951e-06,0.0
SIG034,T1,KIF15,GSE95233,3,0.002233183834808064,-0.01418397673593595,0.018650344405552077,2.107294747155486e-05,8.680634421456785
SIG034,T1,KIF15,GSE54514,3,0.008670207872051023,-0.009664219752948488,0.02700463549705053,0.0,0.0
SIG034,T1,CAMP,GSE236713,3,-0.0011579260099729813,-0.10594536808409596,0.10362951606415,0.00145006312261608,82.14833415246248
SIG034,T1,CAMP,GSE57065,3,0.01076624664264062,-0.053992460170997535,0.07552495345627877,0.0003584222068314899,59.661659908734165
SIG034,T1,CAMP,GSE95233,3,0.003617976730937741,-0.0960033140366878,0.10323926749856327,0.00131283361398212,84.03688978836583
SIG034,T1,CAMP,GSE54514,3,-0.011162427889891904,-0.0634563765743991,0.041131520794615295,0.00034597877673209286,74.94130931603874
SIG034,T1,CEACAM8,GSE236713,3,-0.04395262194691108,-0.11602293006823139,0.02811768617440922,0.00019874141994283767,35.06222369186748
SIG034,T1,CEACAM8,GSE57065,3,-0.011405419392706083,-0.08343232982701698,0.06062149104160482,0.0006523778973242633,72.72556402009943
SIG034,T1,CEACAM8,GSE95233,3,-0.019342619826570633,-0.12203509873671552,0.08334985908357424,0.001395448233692512,82.47020576194132
SIG034,T1,CEACAM8,GSE54514,3,-0.03132172792849384,-0.13136385976416445,0.06872040390717679,0.0014362495797330937,88.37787282073157
SIG034,T1,DEFA4,GSE236713,3,0.01689625934167328,-0.0022457177252798305,0.03603823640862639,0.0,0.0
SIG034,T1,DEFA4,GSE57065,3,0.012393021585340074,0.0005927519168259492,0.0241932912538542,0.0,0.0
SIG034,T1,DEFA4,GSE95233,3,0.013337216624011727,0.00043034769596560045,0.02624408555205785,0.0,0.0
SIG034,T1,DEFA4,GSE54514,3,0.012555405167538676,0.006091529016992411,0.01901928131808494,0.0,0.0
SIG034,T1,LCN2,GSE236713,3,-0.038115963788679534,-0.08242587708730842,0.006193949509949358,0.0,13.67456097376567
SIG034,T1,LCN2,GSE57065,3,-0.01646563720590681,-0.0429393239780206,0.010008049566206982,3.897108809230336e-05,1.9152611354450708
SIG034,T1,LCN2,GSE95233,3,-0.024512749126274644,-0.08239842418605292,0.033372925933503626,0.0003807149829647689,69.16724043651138
SIG034,T1,LCN2,GSE54514,3,-0.029632616052093365,-0.07887026008572832,0.019605027981541595,0.0003024264657846166,73.83799663222715
SIG034,T1,CTSG,GSE236713,3,0.01011013785016364,-0.006924413172230593,0.027144688872557873,0.0,0.0
SIG034,T1,CTSG,GSE57065,3,0.010431149303844154,0.0012824063505836418,0.019579892257104665,0.0,0.0
SIG034,T1,CTSG,GSE95233,3,0.01045286590222508,0.0018624946143236953,0.019043237190126464,0.0,0.0
SIG034,T1,CTSG,GSE54514,3,0.009649841322643285,0.00657964270768709,0.01272003993759948,0.0,0.0
SIG034,T1,AZU1,GSE236713,3,0.004588334922391633,-0.0420742891843139,0.05125095902909717,0.00010955557333614992,31.943473459979238
SIG034,T1,AZU1,GSE57065,3,0.011199619411167453,0.0037417600402726153,0.01865747878206229,0.0,0.0
SIG034,T1,AZU1,GSE95233,3,0.006378936513980722,-0.030426938591827178,0.04318481161978862,7.134965599289535e-05,37.54219039712313
SIG034,T1,AZU1,GSE54514,3,0.007065732175958082,-0.020993607522256756,0.03512507187417292,2.1591809970501345e-05,29.87007928052877
SIG034,T1,MAFB,GSE236713,3,-0.006710489279497308,-0.07373439215480047,0.06031341359580585,0.0005675152649824291,79.0619925554344
SIG034,T1,MAFB,GSE57065,3,-0.0029689954514772964,-0.06672727839762572,0.06078928749467113,0.0004993409607209525,77.29727305306479
SIG034,T1,MAFB,GSE95233,3,-0.0005692287493129784,-0.045537633881956835,0.04439917638333088,0.00021175589968563504,70.6545288787229
SIG034,T1,MAFB,GSE54514,3,-0.011567215577236133,-0.039761765462293375,0.016627334307821106,7.483029074817444e-05,63.325752810850034
SIG034,T1,OASL,GSE236713,3,-0.03193654853076118,-0.06935886068521063,0.005485763623688279,0.0,0.0
SIG034,T1,OASL,GSE57065,3,-0.027471367473970436,-0.07784295054090035,0.02290021559295948,0.000292021249748897,69.22086427870744
SIG034,T1,OASL,GSE95233,3,-0.018530971885404257,-0.04990335090619759,0.012841407135389074,8.607434334307393e-05,44.319904962809346
SIG034,T1,OASL,GSE54514,3,-0.017547601309505504,-0.05651895474618562,0.021423752127174612,8.106638230820916e-05,43.01371494301392
SIG034,T1,UBE2L6,GSE236713,3,-0.0017376253581196325,-0.05811645399648749,0.05464120328024823,0.0004007923404557702,77.79226845023682
SIG034,T1,UBE2L6,GSE57065,3,-0.008414204128648132,-0.04394921386652405,0.02712080560922778,0.00010140946334681136,55.71662885827976
SIG034,T1,UBE2L6,GSE95233,3,-0.004682491911689611,-0.05739674751179005,0.04803176368841083,0.00034093299089727684,77.08873103095827
SIG034,T1,UBE2L6,GSE54514,3,0.0030526803849566966,-0.024990204866570966,0.03109556563648436,7.488737820201023e-05,51.37656178500028
SIG034,T1,VAMP5,GSE236713,3,-0.022729579278949513,-0.028782035075435267,-0.01667712348246376,0.0,0.0
SIG034,T1,VAMP5,GSE57065,3,-0.014443325264985908,-0.04525786386036308,0.016371213330391262,0.0001081515892489518,57.608836469067604
SIG034,T1,VAMP5,GSE95233,3,-0.014147496257526438,-0.04118169275820976,0.01288670024315688,8.500586534358476e-05,65.38751324111112
SIG034,T1,VAMP5,GSE54514,3,-0.01374223036709764,-0.041549020014306354,0.014064559280111072,8.677709700849386e-05,61.25967883728555
SIG034,T1,CCL2,GSE236713,3,0.019681214663522614,-0.06783907024391082,0.10720149957095605,0.0010996511262024087,89.09347760925644
SIG034,T1,CCL2,GSE57065,3,0.01996078447944694,-0.07124825220348259,0.11116982116237646,0.0011510845176402103,86.66817577645264
SIG034,T1,CCL2,GSE95233,3,0.035017704300348104,-0.06779430212679381,0.13782971072749,0.0016047516073914542,93.25987982183119
SIG034,T1,CCL2,GSE54514,3,0.04651271568004787,-0.018694180610065177,0.11171961197016092,0.00034111694220420336,51.51901640229346
SIG034,T1,NAPA,GSE236713,3,0.004149481627725898,-0.06742022919637851,0.0757191924518303,0.0007882924210838591,93.3700779121423
SIG034,T1,NAPA,GSE57065,3,-0.005856476326574789,-0.04450506473618577,0.032792112083036194,0.0002136863859624337,79.5892142649236
SIG034,T1,NAPA,GSE95233,3,0.006042200648290022,-0.06100044288956181,0.07308484418614185,0.0006794433932039691,93.34205709658964
SIG034,T1,NAPA,GSE54514,3,0.015567717310842574,-0.028094145363886942,0.059229579985572094,0.00024128032174297508,80.43560247996133
SIG034,T1,ATG3,GSE236713,3,-0.0014513830460676142,-0.01293595687104795,0.010033190778912722,0.0,0.0
SIG034,T1,ATG3,GSE57065,3,-0.0025927768215492364,-0.0059313481047206865,0.0007457944616222137,0.0,0.0
SIG034,T1,ATG3,GSE95233,3,-0.0022753639124317732,-0.010422928575997725,0.0058722007511341785,0.0,0.0
SIG034,T1,ATG3,GSE54514,3,-0.0012814867532432942,-0.011053015968590704,0.008490042462104115,0.0,0.0
SIG034,T1,VRK2,GSE236713,3,0.002630504692810715,-0.007495143764249949,0.01275615314987138,0.0,0.0
SIG034,T1,VRK2,GSE57065,3,0.0016630418687368137,-0.006552912896244812,0.00987899663371844,0.0,0.0
SIG034,T1,VRK2,GSE95233,3,0.0013084735973144636,-0.004363685897022954,0.006980633091651881,0.0,0.0
SIG034,T1,VRK2,GSE54514,3,0.003838036915006809,-0.008199148231163652,0.01587522206117727,0.0,0.0
SIG034,T1,TMEM123,GSE236713,3,0.01898129606754441,-0.002072789070830871,0.04003538120591969,0.0,0.0
SIG034,T1,TMEM123,GSE57065,3,0.008455500994140563,-0.035617046272192115,0.05252804826047325,0.00025355772807157754,77.78883175694884
SIG034,T1,TMEM123,GSE95233,3,0.0026211629346063665,-0.02848425751185124,0.033726583381063976,0.00010554055492701489,51.8567409425424
SIG034,T1,TMEM123,GSE54514,3,0.009513835149910664,-0.03572364456698097,0.0547513148668023,0.00027430076893038237,78.8771259109965
SIG034,T1,CASP7,GSE236713,3,0.014549455443901134,-0.057789771281618836,0.08688868216942111,0.0006252085786323136,77.55930850950635
SIG034,T1,CASP7,GSE57065,3,-0.00282303771291101,-0.0077790999241818684,0.002133024498359848,0.0,0.0
SIG034,T1,CASP7,GSE95233,3,0.011227086509414468,-0.0640559824889927,0.08651015550782164,0.0006963790663530314,78.06838281172806
SIG034,T1,CASP7,GSE54514,3,0.01435401423657384,-0.05928470794707179,0.08799273642021947,0.0006515890744289946,77.49982922309758
SIG034,T1,DOK2,GSE236713,3,-0.013616617155251873,-0.030566511501121267,0.0033332771906175226,0.0,0.0
SIG034,T1,DOK2,GSE57065,3,-0.009969451603752046,-0.03847726594761951,0.018538362740115413,7.738125321545315e-05,57.626925258100044
SIG034,T1,DOK2,GSE95233,3,-0.005591834004828689,-0.02635858194873136,0.01517491393907398,2.2757136191460787e-05,21.775027380762953
SIG034,T1,DOK2,GSE54514,3,-0.007076458638682569,-0.035175547206360305,0.021022629928995167,6.452652343692835e-05,48.60597155171005
SIG034,T1,HLA-DPB1,GSE236713,3,-0.002936078022137602,-0.03524949695956638,0.02937734091529118,0.00010512573829347585,51.600929202014356
SIG034,T1,HLA-DPB1,GSE57065,3,-0.00842331520812017,-0.020370705572006348,0.0035240751557660075,0.0,0.0
SIG034,T1,HLA-DPB1,GSE95233,3,-0.0053123050100943045,-0.031913031522598403,0.021288421502409796,4.14894844261491e-05,50.13379070263897
SIG034,T1,HLA-DPB1,GSE54514,3,-0.0011706012658691705,-0.02302751080271721,0.02068630827097887,2.361255319622552e-05,5.882724484681603
SIG034,T1,BUB3,GSE236713,3,-0.003792193458036569,-0.025544933853267296,0.017960546937194156,3.8589997837082384e-05,36.58429014403943
SIG034,T1,BUB3,GSE57065,3,-0.003852474186440102,-0.020314295343535918,0.012609346970655716,8.25501195931574e-06,35.941560381204226
SIG034,T1,BUB3,GSE95233,3,-0.005272987425354421,-0.017026445639047996,0.006480470788339156,8.216846961976896e-07,0.0
SIG034,T1,BUB3,GSE54514,3,-0.001689224291793754,-0.010329750912739941,0.006951302329152434,0.0,0.0
SIG034,T1,SMYD2,GSE236713,3,-0.0019491138128553246,-0.02275037794391308,0.01885215031820243,3.56282963082895e-05,35.94026980348775
SIG034,T1,SMYD2,GSE57065,3,-0.004081020896222892,-0.01664215899360731,0.008480117201161529,1.2447403904075377e-06,37.87791588691679
SIG034,T1,SMYD2,GSE95233,3,-0.005155238996879731,-0.008934428542934988,-0.0013760494508244735,0.0,0.0
SIG034,T1,SMYD2,GSE54514,3,-0.0005564469277088719,-0.017322362569333984,0.016209468713916243,3.4747257403861553e-06,0.0
SIG034,T1,SIDT1,GSE236713,3,-0.0015702506311284794,-0.014077107861856978,0.010936606599600019,0.0,0.0
SIG034,T1,SIDT1,GSE57065,3,-0.0010706838783293123,-0.01303689818261108,0.010895530425952454,0.0,0.0
SIG034,T1,SIDT1,GSE95233,3,-0.001329232655995959,-0.00768942949749855,0.005030964185506633,0.0,0.0
SIG034,T1,SIDT1,GSE54514,3,0.004273677191489151,-0.014109812954395697,0.022657167337374,0.0,0.0
SIG034,T1,EXOC2,GSE236713,3,0.006606433810612387,-0.014183540295481432,0.02739640791670621,1.8459320330156722e-05,32.52871174933376
SIG034,T1,EXOC2,GSE57065,3,0.002931325467620187,-0.009434889431674837,0.015297540366915212,0.0,0.0
SIG034,T1,EXOC2,GSE95233,3,0.0028122620039337646,-0.017170963068306837,0.02279548707617437,0.0,36.58292750972982
SIG034,T1,EXOC2,GSE54514,3,0.007976452367176999,-0.021790059303744537,0.037742964038098535,2.722886005034099e-05,33.944491827984216
SIG034,T1,TRIB2,GSE236713,3,-0.001230625037643919,-0.05788695310384201,0.055425703028554166,0.0003817141327098818,67.51167335804146
SIG034,T1,TRIB2,GSE57065,3,-0.017276369923596543,-0.046753292602827824,0.012200552755634739,0.0,39.47575168174031
SIG034,T1,TRIB2,GSE95233,3,-0.01729995072124344,-0.049466282765215516,0.014866381322728633,0.0,48.32407587934108
SIG034,T1,TRIB2,GSE54514,3,-0.0004005327620437082,-0.05270984176179498,0.051908776237707566,0.00029970284470642113,60.034994496427565
SIG034,T1,KLRB1,GSE236713,3,-0.003807290943733701,-0.05836982956563902,0.05075524767817162,8.434945594985932e-05,17.487213786052518
SIG034,T1,KLRB1,GSE57065,3,-0.002929835738271341,-0.02749612217963088,0.021636450703088197,0.0,0.0
SIG034,T1,KLRB1,GSE95233,3,-0.002121147353351208,-0.029640828039341045,0.025398533332638633,0.0,15.973603397996047
SIG034,T1,KLRB1,GSE54514,3,0.0006833051636118637,-0.011541565949169224,0.012908176276392952,0.0,0.0
SIG001,T2,CEACAM1,GSE57065,4,-0.21903096841645306,-0.3879041612931235,-0.05015777553978262,0.009485863721496445,84.47800631817613
SIG001,T2,CEACAM1,GSE95233,4,-0.24382852242812408,-0.46808582712775043,-0.019571217728497736,0.01763060773434317,89.20246003284926
SIG001,T2,CEACAM1,GSE54514,4,-0.29449752802864193,-0.43935706861532964,-0.1496379874419542,0.006245548250072003,76.61645401504687
SIG001,T2,CEACAM1,GSE110487,4,-0.23955322706257945,-0.45971681281844645,-0.019389641306712446,0.01687322421340796,88.61318750475502
SIG001,T2,CEACAM1,GSE8121,4,-0.27308711269952574,-0.4875882962075788,-0.058585929191472624,0.01596816869879998,88.24458113959449
SIG001,T2,ZDHHC19,GSE57065,4,-0.16258763355369307,-0.32567358160957594,0.0004983145021898172,0.006719963735255487,60.60702908415209
SIG001,T2,ZDHHC19,GSE95233,4,-0.1327096797578118,-0.3115921543452944,0.046172794829670794,0.008301571144956003,65.70715782292581
SIG001,T2,ZDHHC19,GSE54514,4,-0.12635396787020262,-0.28464630589488293,0.0319383701544777,0.00632133458193004,63.34602542752086
SIG001,T2,ZDHHC19,GSE110487,4,-0.10798399363741916,-0.2521123033311788,0.036144316056340484,0.0030529547245722603,40.86458499205797
SIG001,T2,ZDHHC19,GSE8121,4,-0.1720705497897571,-0.3081987842777386,-0.03594231530177561,0.0033236189866782447,38.81459853052539
SIG001,T2,NMRK1,GSE57065,4,-0.026358808298784092,-0.0654278168142809,0.012710200216712722,0.00019036973915636702,40.27358202428765
SIG001,T2,NMRK1,GSE95233,4,-0.015447349776679666,-0.06293881744537898,0.03204411789201965,0.000491442729344011,56.89788687419608
SIG001,T2,NMRK1,GSE54514,4,-0.013228878521904016,-0.05696177199995697,0.030504014956148944,0.00035269384806674666,48.08722081847928
SIG001,T2,NMRK1,GSE110487,4,-0.01534475675511476,-0.0684816284392775,0.03779211492904798,0.0006360948006876081,56.61640683423615
SIG001,T2,NMRK1,GSE8121,4,-0.029068152193966714,-0.060624385928596605,0.0024880815406631805,0.0,24.724925834902443
SIG001,T2,GNA15,GSE57065,4,-0.04448250519671228,-0.10419525979849761,0.015230249405073053,0.0007723946935528312,61.49507017332488
SIG001,T2,GNA15,GSE95233,4,-0.04330991449469647,-0.09283322256785939,0.00621339357846646,0.0005327329080841913,57.11001100654709
SIG001,T2,GNA15,GSE54514,4,-0.06048102931769055,-0.08976058878967344,-0.031201469845707663,0.0,0.0
SIG001,T2,GNA15,GSE110487,4,-0.03919970095893704,-0.09712168875871882,0.018722286840844746,0.0004748815720956195,42.652609449798646
SIG001,T2,GNA15,GSE8121,4,-0.05259102400586273,-0.11106889745107569,0.005886849439350236,0.0006873872049972826,55.138101452549016
SIG001,T2,BATF,GSE57065,4,-0.05992272234037292,-0.12206509921453987,0.0022196545337940243,0.0012418744215261092,81.21117555195366
SIG001,T2,BATF,GSE95233,4,-0.05320955938313271,-0.11298088908671058,0.006561770320445158,0.0010981096662000902,78.74715929943696
SIG001,T2,BATF,GSE54514,4,-0.045133324923202135,-0.0897917850108572,-0.0004748648355470675,0.0005207051691146172,63.098643126653656
SIG001,T2,BATF,GSE110487,4,-0.057735121255765416,-0.12147041971072395,0.006000177199193109,0.001298784546355952,80.53282216635675
SIG001,T2,BATF,GSE8121,4,-0.07064180888747854,-0.10881436010181839,-0.03246925767313868,0.00011731892051885945,20.393169180599184
SIG001,T2,C3AR1,GSE57065,4,-0.0503520179258221,-0.1326738365809126,0.031969800729268416,0.0019390935377066034,72.66767146489917
SIG001,T2,C3AR1,GSE95233,4,-0.04135156335392918,-0.14436280566411466,0.06165967895625631,0.0035821163822805477,85.60442996693499
SIG001,T2,C3AR1,GSE54514,4,-0.013106549316451754,-0.08889852022003644,0.06268542158713294,0.001651484993936766,73.18084169068108
SIG001,T2,C3AR1,GSE110487,4,-0.021405532835495372,-0.1202520099174726,0.07744094424648186,0.003168218805416248,82.75824405549885
SIG001,T2,C3AR1,GSE8121,4,-0.035859918043493935,-0.14439174482490932,0.07267190873792145,0.004009824029237172,86.41361964905376
SIG001,T2,FAM214A,GSE57065,4,-0.03561627626844373,-0.07984213798780135,0.008609585450913892,0.0006385072979521019,88.29284153364054
SIG001,T2,FAM214A,GSE95233,4,-0.04016884438339976,-0.09483045168855866,0.01449276292175914,0.0009436572440173878,89.83212530730256
SIG001,T2,FAM214A,GSE54514,4,-0.046474496987098435,-0.10733841870180785,0.014389424727610983,0.0012506443248568695,89.73977874528111
SIG001,T2,FAM214A,GSE110487,4,-0.04722545453708764,-0.1080208982030936,0.013569989128918318,0.0012562035666672706,89.95101832278537
SIG001,T2,FAM214A,GSE8121,4,-0.05251030998013244,-0.08270912298480171,-0.022311496975463162,2.7247561642725957e-05,26.969763854671058
SIG001,T2,TGFBI,GSE57065,4,-0.0745018029819772,-0.1721957961405894,0.023192190176635014,0.0029428077528538474,85.2348060118595
SIG001,T2,TGFBI,GSE95233,4,-0.06354649438562976,-0.1661915677499043,0.039098578978644785,0.0030817037103526125,82.19734763015327
SIG001,T2,TGFBI,GSE54514,4,-0.04324076436632295,-0.09325872521011047,0.006777196477464567,0.0006732119306892221,62.398410818393494
SIG001,T2,TGFBI,GSE110487,4,-0.06953859460053055,-0.1751070839431987,0.03602989474213761,0.0034056282794864487,83.30075656974684
SIG001,T2,TGFBI,GSE8121,4,-0.08325675344145987,-0.16753519675161313,0.0010216898686933873,0.0014024554265409349,56.727725739381185
SIG001,T2,MTCH1,GSE57065,4,-0.01815397692809992,-0.06827377475867463,0.03196582090247479,0.0009015456457600643,92.15430994974588
SIG001,T2,MTCH1,GSE95233,4,-0.019858710279218744,-0.06867062950389657,0.028953208945459084,0.000846983013602106,91.79011595600025
SIG001,T2,MTCH1,GSE54514,4,-0.008053616807195626,-0.014584937048555813,-0.0015222965658354386,0.0,0.0
SIG001,T2,MTCH1,GSE110487,4,-0.02167805161213701,-0.06608199672608495,0.02272589350181093,0.0007100542971535806,91.69176521244957
SIG001,T2,MTCH1,GSE8121,4,-0.01872447766347738,-0.06880367771061578,0.03135472238366102,0.0008974353526495742,91.58675993948016
SIG001,T2,RPGRIP1,GSE57065,4,-0.1348215026346112,-0.3933903912678113,0.12374738599858884,0.025331408657593552,96.74137298199702
SIG001,T2,RPGRIP1,GSE95233,4,-0.10865247901495487,-0.3644333542184768,0.14712839618856707,0.024516131875883182,96.45850970421174
SIG001,T2,RPGRIP1,GSE54514,4,-0.14725526894627367,-0.39053027223420844,0.09601973434166108,0.02227407628156657,96.74616159590899
SIG001,T2,RPGRIP1,GSE110487,4,-0.05939623570691073,-0.17686890825050278,0.0580764368366813,0.00432178492466397,90.98231223498283
SIG001,T2,RPGRIP1,GSE8121,4,-0.15286387369246668,-0.384438298123718,0.07871055073878463,0.020017901728291328,95.75449830273473
SIG001,T2,HLA-DPB1,GSE57065,4,-0.03381459552356654,-0.08867189808070447,0.02104270703357139,0.0010730745909310361,91.31639003632654
SIG001,T2,HLA-DPB1,GSE95233,4,-0.02302454297561573,-0.08103360548362527,0.034984519532393815,0.0011361799142458136,90.6914782782276
SIG001,T2,HLA-DPB1,GSE54514,4,-0.028574689677281995,-0.09334326154101169,0.0361938821864477,0.0014167671746267488,90.47402770766301
SIG001,T2,HLA-DPB1,GSE110487,4,-0.011212010107604581,-0.045535559282654875,0.023111539067445716,0.00023849146307864115,65.87814485486507
SIG001,T2,HLA-DPB1,GSE8121,4,-0.037252338820379524,-0.09221394681083381,0.01770926917007476,0.0008597374553557826,75.68350115800222
SIG002,T2,PLAC8,GSE57065,3,-0.5965626664245974,-1.0509527129165237,-0.14217261993267127,0.018589619864994435,57.23677923557956
SIG002,T2,PLAC8,GSE95233,3,-0.5708126119642609,-0.9538279422633232,-0.1877972816651986,0.011079096018978715,42.55711648666621
SIG002,T2,PLAC8,GSE110487,3,-0.6075617441123274,-1.1175942702331085,-0.09752921799154635,0.026333721562795325,57.19422419884241
SIG002,T2,PLAC8,GSE8121,3,-0.6901269562216014,-0.8578857277051972,-0.5223681847380055,0.0,0.0
SIG002,T2,LAMP1,GSE57065,3,-0.09800502412450998,-0.3261686751663133,0.13015862691729338,0.004700757844905615,58.60483596193157
SIG002,T2,LAMP1,GSE95233,3,-0.1289250107927578,-0.3857394434171489,0.12788942183163327,0.006569933706662917,63.713231669310844
SIG002,T2,LAMP1,GSE110487,3,-0.09594994952957651,-0.308103353588746,0.11620345452959298,0.0037371835746771464,54.69265671729615
SIG002,T2,LAMP1,GSE8121,3,-0.14698902618689186,-0.286768134644089,-0.007209917729694704,0.0007795497861917403,19.538593706861075
SIG002,T2,PLA2G7,GSE57065,3,0.10488254066150933,-0.22357592674369686,0.4333410080667155,0.009940203590482873,54.21285528812212
SIG002,T2,PLA2G7,GSE95233,3,0.19133016675755007,-0.22314757191200588,0.605807905427106,0.021151949441148652,73.95913619853889
SIG002,T2,PLA2G7,GSE110487,3,0.11584132645519536,-0.30890241577084115,0.5405850686812319,0.016117730067672087,57.98777288855248
SIG002,T2,PLA2G7,GSE8121,3,0.22342401470969397,-0.17056186915863986,0.6174098985780279,0.007447863483238798,36.2903991737567
SIG002,T2,CEACAM4,GSE57065,3,-0.10159300061342393,-0.3342900979434506,0.13110409671660272,0.002813019046746278,27.41871856532263
SIG002,T2,CEACAM4,GSE95233,3,-0.16415891250042777,-0.4297640022622916,0.1014461772614361,0.006416357081832262,54.05461455181639
SIG002,T2,CEACAM4,GSE110487,3,-0.18305817545848943,-0.4477190327312658,0.0816026818142869,0.001982061333210761,30.709021147658127
SIG002,T2,CEACAM4,GSE8121,3,-0.11661942923962891,-0.4222049951409171,0.18896613666165923,0.008555216645253912,55.75029176240248
SIG003,T2,FAIM3,GSE57065,3,-0.40404475950696417,-0.7625864912073662,-0.045503027806562124,0.003737707991337964,0.0
SIG003,T2,FAIM3,GSE95233,3,-0.30602260489605043,-0.43640933635519397,-0.17563587343690693,0.0,0.0
SIG003,T2,FAIM3,GSE110487,3,-0.3984567977401843,-0.855179055495162,0.05826546001479349,0.01090754527739618,20.00102586611006
SIG003,T2,FAIM3,GSE8121,3,-0.3592611269876528,-0.7487988136206509,0.03027655964534537,0.0020537480640462928,27.23623068711331
SIG003,T2,PLAC8,GSE57065,3,-0.526936092220174,-0.8211935547109815,-0.23267862972936648,0.0,0.0
SIG003,T2,PLAC8,GSE95233,3,-0.515523568118307,-0.7935164089116385,-0.2375307273249755,0.0,0.0
SIG003,T2,PLAC8,GSE110487,3,-0.6147514357673373,-0.8372186231592512,-0.3922842483754233,0.0,0.0
SIG003,T2,PLAC8,GSE8121,3,-0.524103237904404,-0.7165137086198077,-0.3316927671890004,0.0,0.0
SIG004,T2,NLRP1,GSE57065,3,0.4295355777866441,0.19443452547886403,0.6646366300944242,0.0,0.0
SIG004,T2,NLRP1,GSE95233,3,0.4273603313530452,0.2074463827808994,0.6472742799251909,0.0,0.0
SIG004,T2,NLRP1,GSE110487,3,0.43470598520834036,0.16898603791534983,0.7004259325013309,0.0,0.0
SIG004,T2,NLRP1,GSE8121,3,0.47052198600842177,0.4194100768736948,0.5216338951431487,0.0,0.0
SIG004,T2,IDNK,GSE57065,3,0.4102145038129666,0.32971297128577953,0.49071603634015365,0.0,0.0
SIG004,T2,IDNK,GSE95233,3,0.35177693320417114,-0.054937929623589565,0.7584917960319318,0.0049813614132475145,9.969062998924253
SIG004,T2,IDNK,GSE110487,3,0.2874196404087516,-0.20095400023185916,0.7757932810493624,0.0,0.0
SIG004,T2,IDNK,GSE8121,3,0.3526859292081242,0.008581862889261382,0.696789995526987,0.0006771368954151316,0.6620422060899843
SIG004,T2,PLAC8,GSE57065,3,-0.11248969011250863,-0.5584994092455369,0.33352002902051964,0.029298333947835663,93.66993535937145
SIG004,T2,PLAC8,GSE95233,3,-0.06398184506906143,-0.43916975349948506,0.31120606336136225,0.01760867211046784,91.11284415979422
SIG004,T2,PLAC8,GSE110487,3,-0.162488122757559,-0.34600335427846907,0.021027108763351066,0.0035323159914508176,51.165051016388354
SIG004,T2,PLAC8,GSE8121,3,-0.07759335647264638,-0.4330898616976757,0.277903148752383,0.019204208166861088,94.67333028279369
SIG022,T2,IFI27,GSE57065,4,-0.10231257429349021,-0.29537327806683344,0.09074812947985304,0.007041621072132507,48.792550681880286
SIG022,T2,IFI27,GSE95233,4,-0.08841459609341665,-0.23828630933266326,0.061457117145829965,0.0033436701783022176,28.193026431540364
SIG022,T2,IFI27,GSE54514,4,-0.14093313026439244,-0.33842196738474395,0.056555706855959065,0.009369762171467575,60.39375965399958
SIG022,T2,IFI27,GSE110487,4,-0.17045333989583022,-0.3285483556230929,-0.012358324168567497,0.0,6.556038515291269
SIG022,T2,IFI27,GSE8121,4,-0.13385762597254178,-0.3565916620281816,0.08887641008309805,0.012242838129747451,61.547430487677815
SIG022,T2,JUP,GSE57065,4,-0.0007806630882321311,-0.031143918852177828,0.029582592675713566,0.0,0.0
SIG022,T2,JUP,GSE95233,4,-0.01425720484592711,-0.07104773701783035,0.04253332732597613,0.0005395100170701493,48.49745135471953
SIG022,T2,JUP,GSE54514,4,-0.027560572795652542,-0.07607288472800991,0.020951739136704832,0.0,0.0
SIG022,T2,JUP,GSE110487,4,-0.016298304778953273,-0.05880946893655681,0.02621285937865026,0.00034760603145755464,37.98578706750331
SIG022,T2,JUP,GSE8121,4,-0.009129160326041726,-0.06332744781471158,0.04506912716262814,0.0004334970580210952,39.53908897787017
SIG022,T2,LAX1,GSE57065,4,0.08870292150279485,-0.04762906313375523,0.22503490613934493,0.006340143059032065,86.39657290323196
SIG022,T2,LAX1,GSE95233,4,0.08484390850270893,-0.05098196864230192,0.22066978564771977,0.006323025620817898,85.81913104927227
SIG022,T2,LAX1,GSE54514,4,0.10262348430415359,-0.03299924319880433,0.23824621180711153,0.006520691098435941,86.7277135169298
SIG022,T2,LAX1,GSE110487,4,0.05081918433774154,-0.03398992369142242,0.1356282923669055,0.0015296135172543285,48.052896301644154
SIG022,T2,LAX1,GSE8121,4,0.11973781051096077,0.015054488415581532,0.22442113260634,0.003055852477993656,61.93810460736017
SIG022,T2,HK3,GSE57065,4,0.12523763665510057,-0.006816879078485133,0.2572921523886863,0.004960650438922782,76.15988554541173
SIG022,T2,HK3,GSE95233,4,0.11117824713234957,0.026908292527707878,0.19544820173699126,0.0017127401324471595,64.24233317518603
SIG022,T2,HK3,GSE54514,4,0.1462270597102111,0.053395558516891595,0.23905856090353061,0.0017667366209849198,59.78303267041289
SIG022,T2,HK3,GSE110487,4,0.12031170215531252,-0.01277289850619899,0.253396302816824,0.004923011558797486,72.08244438624588
SIG022,T2,HK3,GSE8121,4,0.14210506130168477,0.02428701657567167,0.25992310602769786,0.0033568120276261685,66.47078417922081
SIG022,T2,TNIP1,GSE57065,4,-0.031234018701803725,-0.06308185979725738,0.0006138223936499286,0.0,0.0
SIG022,T2,TNIP1,GSE95233,4,-0.02580931942917556,-0.05310622670022298,0.001487587841871866,0.0,0.0
SIG022,T2,TNIP1,GSE54514,4,-0.033799681036211865,-0.05687205600000152,-0.010727306072422216,0.0,0.0
SIG022,T2,TNIP1,GSE110487,4,-0.025155203330962654,-0.05562613831726382,0.005315731655338513,0.0,0.0
SIG022,T2,TNIP1,GSE8121,4,-0.028375667933645193,-0.0696204268827524,0.012869091015462016,0.0,0.0
SIG022,T2,GPAA1,GSE57065,4,0.028738285453721295,-0.09514658576997755,0.15262315667742013,0.0056770066412959175,94.01239055821313
SIG022,T2,GPAA1,GSE95233,4,0.02720565765350148,-0.09666100454042766,0.1510723198474306,0.0056663032347955495,93.65874828043899
SIG022,T2,GPAA1,GSE54514,4,0.05247751826212745,-0.03741751368761433,0.14237255021186923,0.00283145631289897,90.30582459512371
SIG022,T2,GPAA1,GSE110487,4,0.005590390004507972,-0.07009278618729309,0.08127356619630904,0.001926033142257315,85.86196646668454
SIG022,T2,GPAA1,GSE8121,4,0.04116669880585109,-0.07906353441210398,0.16139693202380617,0.005356754893771238,94.14200106844336
SIG022,T2,CTSB,GSE57065,4,0.04162504946904561,-0.03750403201894232,0.12075413095703355,0.0020022562286618507,82.34886852139205
SIG022,T2,CTSB,GSE95233,4,0.03893345359137508,-0.03564095290880072,0.11350786009155088,0.0017800710574410225,81.45864842005804
SIG022,T2,CTSB,GSE54514,4,0.05603269713557965,-0.01595960129463156,0.12802499556579086,0.001627967335871992,78.92165324570706
SIG022,T2,CTSB,GSE110487,4,0.03363032950718835,-0.03670422466919207,0.10396488368356877,0.0012973043922182227,66.46461309606264
SIG022,T2,CTSB,GSE8121,4,0.06197611329271851,0.0027203504913033624,0.12123187609413366,0.0008317367533067875,59.208885146142165
SIG023,T2,FAM89A,GSE57065,4,-0.1368343654722848,-0.3457842802602183,0.07211554931564867,0.01307372181126744,75.54963094384952
SIG023,T2,FAM89A,GSE95233,4,-0.11047266247251583,-0.3148045084676641,0.09385918352263245,0.012143520714549388,74.80262267921482
SIG023,T2,FAM89A,GSE54514,4,-0.10188046870155942,-0.28555886957883325,0.0817979321757144,0.009589879986833957,72.52425034227066
SIG023,T2,FAM89A,GSE110487,4,-0.09982639218830487,-0.2920575550132506,0.09240477063664086,0.009830870110079578,68.72185125313484
SIG023,T2,FAM89A,GSE8121,4,-0.15996000688891543,-0.2731630666423023,-0.04675694713552858,0.0020624619907694975,29.034446534774926
SIG023,T2,IFI44L,GSE57065,4,0.006510870262704494,-0.09212326482324047,0.10514500534864947,0.0,0.0
SIG023,T2,IFI44L,GSE95233,4,0.039016666630096807,-0.1688265679647875,0.24685990122498114,0.0031437585978122146,21.826878383326232
SIG023,T2,IFI44L,GSE54514,4,0.036473395765599534,-0.15297534196933826,0.2259221335005373,0.0003430521572400615,22.249956022157093
SIG023,T2,IFI44L,GSE110487,4,0.07535324872331155,-0.09374024119054848,0.2444467386371716,0.0,0.0
SIG023,T2,IFI44L,GSE8121,4,0.06602282524822686,-0.144937818681918,0.2769834691783717,0.00445264081008893,17.16426439718427
SIG033,T2,ADRB2,GSE57065,4,0.0003003884355616029,-0.1777660297001556,0.1783668065712788,0.01035919103054726,85.41840634377131
SIG033,T2,ADRB2,GSE95233,4,0.021729332319592027,-0.12672102485962716,0.17017968949881124,0.007092950997249303,82.76886489586236
SIG033,T2,ADRB2,GSE54514,4,-0.028314897679500576,-0.10358972168156579,0.04695992632256464,0.0013570624241966724,65.84701932856017
SIG033,T2,ADRB2,GSE110487,4,0.020138005385881057,-0.14495840462693094,0.18523441539869306,0.00828255560000955,79.64472653845914
SIG033,T2,ADRB2,GSE8121,4,0.0009293642501098374,-0.18242283169779955,0.18428156019801922,0.011084065983719733,84.93965244318736
SIG033,T2,CTSG,GSE57065,4,0.16149687820639946,-0.016868460032080757,0.3398622164448797,0.005854738779292267,53.56145361830892
SIG033,T2,CTSG,GSE95233,4,0.14270885651749804,-0.04184026613287484,0.3272579791678709,0.007981103697663876,70.48891718492305
SIG033,T2,CTSG,GSE54514,4,0.13573238989017775,-0.049463150877368856,0.32092793065772435,0.00829607837077426,71.39745618978522
SIG033,T2,CTSG,GSE110487,4,0.09412009982401517,0.021111098502830924,0.1671291011451994,0.0,0.0
SIG033,T2,CTSG,GSE8121,4,0.1545037483878794,0.01990959689314617,0.2890978998826126,0.005138978931245876,65.48707558480965
SIG033,T2,CX3CR1,GSE57065,4,-0.06066495534298205,-0.147437992092398,0.026108081406433906,0.0024981689255264626,85.35666945212303
SIG033,T2,CX3CR1,GSE95233,4,-0.0279163948167708,-0.10346204915533631,0.04762925952179471,0.0015353984070684478,72.29112822117617
SIG033,T2,CX3CR1,GSE54514,4,-0.04359499846477698,-0.14932422008975668,0.06213422316020273,0.003485886782068268,83.16154655452459
SIG033,T2,CX3CR1,GSE110487,4,-0.036750284659247935,-0.1358479403446063,0.06234737102611041,0.002864758444638731,78.30497045199854
SIG033,T2,CX3CR1,GSE8121,4,-0.062022991407308735,-0.157418744189329,0.03337276137471152,0.0025009688070665136,69.64482070295405
SIG033,T2,CXCR6,GSE57065,4,0.0017203510628073882,-0.04237190190747313,0.0458126040330879,0.0,63.406757561940296
SIG033,T2,CXCR6,GSE95233,4,7.043057954261847e-05,-0.03907616182512231,0.039217022984207546,0.0,54.57476378431002
SIG033,T2,CXCR6,GSE54514,4,0.050966285613391046,-0.13394348661651123,0.2358760578432933,0.005914802133438343,61.30837365764387
SIG033,T2,CXCR6,GSE110487,4,-0.0001403853029655581,-0.02288669262180287,0.022605922015871752,0.0,0.0
SIG033,T2,CXCR6,GSE8121,4,0.051997132234459155,-0.1461352097725259,0.2501294742414442,0.0076165227442604976,63.851461034295056
SIG033,T2,IL4R,GSE57065,4,0.12385949238804989,-0.04404833740507327,0.29176732218117307,0.010278911114854454,92.68669329936115
SIG033,T2,IL4R,GSE95233,4,0.11996354615689117,-0.04633622566039483,0.28626331797417714,0.009997596295336534,92.76557205167491
SIG033,T2,IL4R,GSE54514,4,0.11848539537430286,-0.04912751016033021,0.28609830090893595,0.01016511769369809,92.37312348564805
SIG033,T2,IL4R,GSE110487,4,0.08158038479576965,-0.02486184272082599,0.18802261231236528,0.0038234542521428275,80.89167853208671
SIG033,T2,IL4R,GSE8121,4,0.15926847128144453,0.05226293824542329,0.2662740043174658,0.002582998214393083,53.51802221684614
SIG033,T2,LTB,GSE57065,4,-0.19222473370551146,-0.42490125051235467,0.04045178310133174,0.020260305510474606,93.93918546770395
SIG033,T2,LTB,GSE95233,4,-0.1786771193802392,-0.40253973149961075,0.04518549273913236,0.018314428507632704,92.70588191782004
SIG033,T2,LTB,GSE54514,4,-0.19154394291099305,-0.4115834248090051,0.02849553898701898,0.017871719186367152,95.49475851923155
SIG033,T2,LTB,GSE110487,4,-0.16513998152726192,-0.3617447443757065,0.03146478132118263,0.014598360358887301,94.13115400247233
SIG033,T2,LTB,GSE8121,4,-0.2508407978006287,-0.3177519032945622,-0.18392969230669515,0.0,0.0
SIG033,T2,TMSB10,GSE57065,4,-0.18502515294343838,-0.5196135575732442,0.1495632516863675,0.037807502309724454,93.69175619204535
SIG033,T2,TMSB10,GSE95233,4,-0.19305187750762096,-0.5239905310814914,0.13788677606624947,0.03700870194649625,93.28569128536883
SIG033,T2,TMSB10,GSE54514,4,-0.0998066433450706,-0.2236677502520772,0.024054463561935996,0.005379736993785702,90.15971753289944
SIG033,T2,TMSB10,GSE110487,4,-0.17780769424386741,-0.5136363770532093,0.15802098856547445,0.037862006097630074,93.3803445593213
SIG033,T2,TMSB10,GSE8121,4,-0.21787066062129573,-0.4911649067711689,0.05542358552857746,0.02189951547942116,79.20047176919674
SIG034,T2,NQO2,GSE57065,4,-0.0155162266348255,-0.04322031756371889,0.01218786429406789,0.00027326466411039374,89.1488422703846
SIG034,T2,NQO2,GSE95233,4,-0.010103196501428808,-0.046818765279043065,0.026612372276185445,0.00048753935365240944,92.47432039168652
SIG034,T2,NQO2,GSE54514,4,-0.007414215965011665,-0.04161541499766987,0.026786983067646538,0.00042478600930301807,92.34360628605836
SIG034,T2,NQO2,GSE110487,4,-0.0010599871726351413,-0.022253357463728363,0.02013338311845808,9.367877059500604e-05,61.80633294219638
SIG034,T2,NQO2,GSE8121,4,-0.012906409783619576,-0.04758951203082981,0.021776692463590663,0.00042915262377534277,90.57600690677717
SIG034,T2,SLPI,GSE57065,4,0.05129573464142671,-0.03982121457410387,0.1424126838569573,0.0027005699874767235,85.35550252948731
SIG034,T2,SLPI,GSE95233,4,0.04343711835890892,-0.04510809757277196,0.1319823342905898,0.00244681483048036,80.98168942452571
SIG034,T2,SLPI,GSE54514,4,0.061504475629405524,-0.006297387308714063,0.1293063385675251,0.001330644476148629,79.87311629627315
SIG034,T2,SLPI,GSE110487,4,0.03353282339128576,-0.017951030942515038,0.08501667772508656,0.00069931122993348,70.27451319668772
SIG034,T2,SLPI,GSE8121,4,0.05618772077394645,-0.032091509554520455,0.14446695110241337,0.002469503071263868,81.99113234827288
SIG034,T2,ORM1,GSE57065,4,0.022916810729170754,-0.0022991661224105106,0.04813278758075202,0.0,0.8914292780013353
SIG034,T2,ORM1,GSE95233,4,0.03740290411646364,-0.026473629364377534,0.10127943759730482,0.0010174088493173812,69.06102112682233
SIG034,T2,ORM1,GSE54514,4,0.04016815242584075,-0.008115065395151458,0.08845137024683296,0.0005271216491034168,62.07429310215431
SIG034,T2,ORM1,GSE110487,4,0.03017036855907851,-0.032069497721240806,0.09241023483939782,0.0009352814070224607,66.77878024090094
SIG034,T2,ORM1,GSE8121,4,0.03798261952087597,-0.02665849761316471,0.10262373665491664,0.001027804748795375,66.56826384528522
SIG034,T2,KLHL2,GSE57065,4,-0.02105173105715945,-0.0515045903539355,0.009401128239616599,0.00021875183734539023,66.86314179638354
SIG034,T2,KLHL2,GSE95233,4,-0.01687705873289968,-0.04757590372709568,0.01382178626129632,0.0002538194026564349,70.76250389084855
SIG034,T2,KLHL2,GSE54514,4,-0.025599514839603342,-0.04479252805468893,-0.006406501624517755,6.958978093470457e-05,38.38793230716386
SIG034,T2,KLHL2,GSE110487,4,-0.014052609791380476,-0.035740534804404,0.007635315221643048,0.0,20.052739610194216
SIG034,T2,KLHL2,GSE8121,4,-0.018856669982523448,-0.052048032797041704,0.014334692831994806,0.00029133478189434785,68.53999033064775
SIG034,T2,ANXA3,GSE57065,4,-0.04445956915368023,-0.06613411241274478,-0.02278502589461568,5.7407060185889185e-05,36.66581980741062
SIG034,T2,ANXA3,GSE95233,4,-0.04267720532570293,-0.06477259833426079,-0.02058181231714508,7.392626805200794e-05,37.444778235504614
SIG034,T2,ANXA3,GSE54514,4,-0.04685707982453552,-0.06143539942221922,-0.03227876022685182,1.3496234872734491e-05,0.0
SIG034,T2,ANXA3,GSE110487,4,-0.03907751819232396,-0.05489743255383506,-0.023257603830812865,0.0,0.0
SIG034,T2,ANXA3,GSE8121,4,-0.048555344308925656,-0.06676346233281212,-0.03034722628503919,0.0,14.102812376534901
SIG034,T2,TXN,GSE57065,4,-0.01612281083420176,-0.03711411597316128,0.004868494304757755,7.920623365666231e-05,60.64668506375013
SIG034,T2,TXN,GSE95233,4,-0.015382391273647784,-0.03835979245814221,0.007595009910846644,0.00011068303680408109,60.66951043670117
SIG034,T2,TXN,GSE54514,4,-0.021363815505102156,-0.029439240502488313,-0.013288390507716,0.0,0.0
SIG034,T2,TXN,GSE110487,4,-0.014497830168022656,-0.030994702001075576,0.0019990416650302618,0.0,33.95175185290418
SIG034,T2,TXN,GSE8121,4,-0.016679214541647377,-0.039580176558906874,0.006221747475612119,0.00010257525177641082,58.29070855636973
SIG034,T2,AQP9,GSE57065,4,-0.010102254769798733,-0.027825900722871222,0.0076213911832737555,8.355511075426784e-05,66.77343603383203
SIG034,T2,AQP9,GSE95233,4,-0.008563942292656479,-0.028022048780019994,0.010894164194707035,0.00011292981497821586,76.63554733627348
SIG034,T2,AQP9,GSE54514,4,-0.005488126123954193,-0.022341901923810987,0.0113656496759026,8.37292031746346e-05,73.77911220008656
SIG034,T2,AQP9,GSE110487,4,-0.0014131836277310429,-0.011868326670808192,0.009041959415346107,0.0,11.72799987481782
SIG034,T2,AQP9,GSE8121,4,-0.009456850894167534,-0.028063942371860832,0.009150240583525763,0.00010060418186736458,74.038930094776
SIG034,T2,BCL6,GSE57065,4,-0.010506940784364758,-0.030932072826131897,0.009918191257402379,7.273383851258971e-05,46.529348919094694
SIG034,T2,BCL6,GSE95233,4,-0.008776057576124553,-0.036063898085390164,0.018511782933141062,0.0002016477521776059,68.65739523665955
SIG034,T2,BCL6,GSE54514,4,-0.0024205941361130794,-0.02114949969087497,0.01630831141864881,4.0952859521651705e-05,49.054650705181885
SIG034,T2,BCL6,GSE110487,4,-0.002732804092183841,-0.02184443160171156,0.016378823417343875,5.0004130073857736e-05,50.79724014491883
SIG034,T2,BCL6,GSE8121,4,-0.009060511104223871,-0.03571423197252801,0.01759320976408027,0.00019104695269571976,68.32128627661443
SIG034,T2,DOK3,GSE57065,4,-0.01044238431461251,-0.030982308383525545,0.010097539754300522,0.0001211113553986322,70.5945722869365
SIG034,T2,DOK3,GSE95233,4,-0.007889666768229322,-0.027097666716777963,0.01131833318031932,9.556548602787605e-05,63.98107613031403
SIG034,T2,DOK3,GSE54514,4,-0.008451816536292733,-0.027660410590077542,0.010756777517492076,0.00010000916654599718,67.85275358235745
SIG034,T2,DOK3,GSE110487,4,-0.007857458143332795,-0.026619884756175462,0.010904968469509873,9.194037089487708e-05,64.72900531316246
SIG034,T2,DOK3,GSE8121,4,-0.014537899087092333,-0.02253485822935209,-0.006540939944832578,0.0,0.0
SIG034,T2,PFKFB4,GSE57065,4,-0.008790318058260447,-0.03670047979306416,0.019119843676543263,0.00024339855078221262,84.78136892802304
SIG034,T2,PFKFB4,GSE95233,4,-0.006375446785426911,-0.036200808862825076,0.023449915291971258,0.0002758988332538469,84.36475791846962
SIG034,T2,PFKFB4,GSE54514,4,-0.0008732674009606739,-0.01592381799303284,0.014177283191111494,6.504496156947709e-05,69.45337456228506
SIG034,T2,PFKFB4,GSE110487,4,-0.006234784889616797,-0.03638613916610185,0.023916569386868262,0.000282332222785126,82.72333469863297
SIG034,T2,PFKFB4,GSE8121,4,-0.010976653260229962,-0.03375979543779849,0.011806488917338567,0.00010903788211307552,60.93578356943791
SIG034,T2,TYK2,GSE57065,4,0.008722802755620866,-0.013027055395095626,0.030472660906337358,0.00014956881501727368,81.22743330533746
SIG034,T2,TYK2,GSE95233,4,0.011349535080082957,-0.018063832197523597,0.04076290235768951,0.0002873349248250218,85.3168996031989
SIG034,T2,TYK2,GSE54514,4,0.017796851693890225,0.0037895994719530837,0.031804103915827366,3.1373020471880436e-05,54.20995303727057
SIG034,T2,TYK2,GSE110487,4,0.013435194683080864,-0.016880607743888474,0.043750997110050205,0.0003118831199127154,87.04823470906625
SIG034,T2,TYK2,GSE8121,4,0.013210593803989992,-0.017183314259455216,0.0436045018674352,0.0003136053459124481,87.06693638166344
SIG034,T2,BCL2L11,GSE57065,4,0.012429522728312601,-0.0010371626730017458,0.02589620812962695,5.2581851546358767e-05,77.57093080057604
SIG034,T2,BCL2L11,GSE95233,4,0.009640007403576996,-0.0011795135955184072,0.0204595284026724,2.353577426993532e-05,66.10428565618464
SIG034,T2,BCL2L11,GSE54514,4,0.01359064670759753,0.004334772502825979,0.02284652091236908,8.234461554809911e-06,32.9906573716856
SIG034,T2,BCL2L11,GSE110487,4,0.009604113186302981,0.00027673664569600673,0.018931489726909955,2.1464291137644242e-05,66.87816327567953
SIG034,T2,BCL2L11,GSE8121,4,0.012469601886970178,-0.0009861967408750158,0.025925400514815372,5.259252313725969e-05,77.63121707122251
SIG034,T2,BCAT1,GSE57065,4,0.009669174738711673,-0.019039389501382113,0.03837773897880546,0.0002023206210056552,61.279467521724065
SIG034,T2,BCAT1,GSE95233,4,0.016793270406658,-0.03032802669073577,0.06391456750405178,0.0006881305028582531,79.89617578370003
SIG034,T2,BCAT1,GSE54514,4,0.026144026847534658,-0.011455036531171105,0.06374309022624042,0.0003683543958464927,67.87269756891958
SIG034,T2,BCAT1,GSE110487,4,0.01797505970143327,-0.029528009609624237,0.06547812901249078,0.0007096858137688812,81.4508671535566
SIG034,T2,BCAT1,GSE8121,4,0.02384439302859514,-0.019973112173405708,0.06766189823059598,0.0005973770179439127,80.23032363627784
SIG034,T2,BTBD7,GSE57065,4,-0.003196237214951122,-0.010849802714250355,0.004457328284348111,1.5211376168936233e-05,65.92737509112263
SIG034,T2,BTBD7,GSE95233,4,-0.0027052597515221342,-0.010631034049377154,0.005220514546332886,1.691393872678364e-05,66.91020823725935
SIG034,T2,BTBD7,GSE54514,4,-0.0036114472613648944,-0.011246729960966506,0.004023835438236718,1.4129542650498822e-05,59.211213193090536
SIG034,T2,BTBD7,GSE110487,4,-0.0009612682771042481,-0.0038296109736133824,0.0019070744194048864,0.0,0.0
SIG034,T2,BTBD7,GSE8121,4,-0.0037484908026108868,-0.01062357288861341,0.003126591283391637,1.1470950036172714e-05,59.14462922824815
SIG034,T2,CEP55,GSE57065,4,-0.0394235849628273,-0.07601354475221822,-0.0028336251734363896,0.0004252682385943723,74.87073999731962
SIG034,T2,CEP55,GSE95233,4,-0.04078901071878856,-0.08129394366696216,-0.0002840777706149475,0.0005115694417793382,72.94500790916396
SIG034,T2,CEP55,GSE54514,4,-0.055002355462884005,-0.06623996873538017,-0.04376474219038784,0.0,0.0
SIG034,T2,CEP55,GSE110487,4,-0.03753596794696717,-0.07455088331681202,-0.0005210525771223162,0.000402147681800049,67.81128553825775
SIG034,T2,CEP55,GSE8121,4,-0.04193384351613428,-0.08235228817733188,-0.0015153988549366781,0.0005194806903568389,76.01223110037694
SIG034,T2,HMMR,GSE57065,4,-0.009514365140230616,-0.022412589142715537,0.003383858862254308,0.0,0.0
SIG034,T2,HMMR,GSE95233,4,-0.00901567041526551,-0.019636678288751028,0.0016053374582200072,0.0,0.0
SIG034,T2,HMMR,GSE54514,4,-0.013124107694302842,-0.03183007898124901,0.0055818635926433244,4.5122097743012434e-05,0.0
SIG034,T2,HMMR,GSE110487,4,-0.013056893906470553,-0.026209892625167177,9.610481222607076e-05,5.113407070990641e-06,0.0
SIG034,T2,HMMR,GSE8121,4,-0.008504110525887976,-0.018626679063754682,0.0016184580119787302,0.0,0.0
SIG034,T2,PRC1,GSE57065,4,-0.014265982364775946,-0.03543979694585829,0.006907832216306399,0.00010769313370114734,57.34609547780206
SIG034,T2,PRC1,GSE95233,4,-0.01319373368239865,-0.036068019636384424,0.00968055227158712,0.00011955749288357074,49.557167735934094
SIG034,T2,PRC1,GSE54514,4,-0.021491604156750554,-0.028427793144418293,-0.014555415169082816,0.0,0.0
SIG034,T2,PRC1,GSE110487,4,-0.015287745804742073,-0.039854769668271034,0.00927927805878689,0.00016000873668073036,57.4873453148908
SIG034,T2,PRC1,GSE8121,4,-0.01348370180198383,-0.03464745414462765,0.00768005054065999,0.00010821869871990431,54.09054379614721
SIG034,T2,KIF15,GSE57065,4,-0.0013001194622754857,-0.006925932827415128,0.004325693902864156,0.0,0.0
SIG034,T2,KIF15,GSE95233,4,-0.0009244697781414583,-0.005508558434423301,0.003659618878140385,0.0,0.0
SIG034,T2,KIF15,GSE54514,4,-0.0025049120572077765,-0.013423483079608771,0.008413658965193218,0.0,0.0
SIG034,T2,KIF15,GSE110487,4,-0.0013602251113310026,-0.008273212636210213,0.005552762413548207,0.0,0.0
SIG034,T2,KIF15,GSE8121,4,-0.0007910612778471441,-0.005557832129320539,0.0039757095736262515,0.0,0.0
SIG034,T2,CAMP,GSE57065,4,0.033980820341459085,-0.014216596621047718,0.0821782373039659,0.0006445011019168095,74.48238573414629
SIG034,T2,CAMP,GSE95233,4,0.03162640917308541,-0.026942503115117963,0.09019532146128878,0.0010123189274392206,75.8501468545943
SIG034,T2,CAMP,GSE54514,4,0.013409170381333902,-0.017321392331177993,0.0441397330938458,0.00014360759420621241,43.614688525702334
SIG034,T2,CAMP,GSE110487,4,0.02689348542010602,-0.033951978246099,0.08773894908631105,0.00113906958509132,80.12429745541773
SIG034,T2,CAMP,GSE8121,4,0.022977589480490536,-0.03672590522315912,0.08268108418414019,0.0010585676414995421,77.27688077692824
SIG034,T2,CEACAM8,GSE57065,4,-0.0027054610407762593,-0.05024393936537082,0.044833017283818305,0.0004798177522399087,55.84436640515268
SIG034,T2,CEACAM8,GSE95233,4,-0.006403674901643205,-0.07122333750143235,0.058415987698145946,0.0010609415066301273,66.51128342451247
SIG034,T2,CEACAM8,GSE54514,4,-0.022787645352442272,-0.06351693470597228,0.017941644001087734,0.0001943102381483949,36.722973874302085
SIG034,T2,CEACAM8,GSE110487,4,-0.012652255230949462,-0.08064201774460539,0.05533750728270647,0.001280641037984063,72.69892167943739
SIG034,T2,CEACAM8,GSE8121,4,-0.015915130064123928,-0.08298466426873384,0.051154404140485984,0.0012216330789833632,70.73725892951869
SIG034,T2,DEFA4,GSE57065,4,0.08291558605509247,0.016806682173348686,0.14902448993683626,0.0013593790928624512,77.90851965562335
SIG034,T2,DEFA4,GSE95233,4,0.08933460361740879,0.030454529836422134,0.14821467739839544,0.0009681430994225492,69.03025272880399
SIG034,T2,DEFA4,GSE54514,4,0.0803350816186089,0.014822550602689055,0.14584761263452875,0.001313223279201397,77.95467436393359
SIG034,T2,DEFA4,GSE110487,4,0.06187492009376487,0.04185902254175703,0.08189081764577272,0.0,0.0
SIG034,T2,DEFA4,GSE8121,4,0.0855879889691936,0.020944990739906147,0.15023098719848105,0.0012816487323618377,76.53852202112402
SIG034,T2,LCN2,GSE57065,4,-0.04447985420842252,-0.12843721496906657,0.039477506552221535,0.0023539159588651876,86.39321633252949
SIG034,T2,LCN2,GSE95233,4,-0.047258633471016685,-0.13487000634953716,0.040352739407503786,0.0025921733342815696,86.6834623507195
SIG034,T2,LCN2,GSE54514,4,-0.06486856690158498,-0.11643701378305356,-0.013300120020116393,0.0008010310234273204,77.25940331381341
SIG034,T2,LCN2,GSE110487,4,-0.03714206643179954,-0.10158720249721828,0.027303069633619198,0.0012213380260277281,78.54950549014676
SIG034,T2,LCN2,GSE8121,4,-0.05603183260096565,-0.1411856337585904,0.0291219685566591,0.0023899407276406636,84.12841474723622
SIG034,T2,CTSG,GSE57065,4,0.05780137422825696,-0.023468244423020812,0.13907099287953473,0.002117878519273623,81.3501292982605
SIG034,T2,CTSG,GSE95233,4,0.061731494906240206,-0.015629488400737926,0.13909247821321835,0.0018573383302591124,78.67559688108547
SIG034,T2,CTSG,GSE54514,4,0.05726836970365468,-0.023339669989033286,0.13787640939634266,0.002080056462751533,81.52344773559965
SIG034,T2,CTSG,GSE110487,4,0.034044957631920066,0.021674989210131203,0.04641492605370893,0.0,0.0
SIG034,T2,CTSG,GSE8121,4,0.060720060513863416,-0.017573176707651378,0.1390132977353782,0.0019305743184793974,79.9778203132466
SIG034,T2,AZU1,GSE57065,4,0.0469807635438729,-0.012983673382673908,0.10694520047041971,0.0011268460763862703,81.11299737186819
SIG034,T2,AZU1,GSE95233,4,0.05829707786950372,0.012318479004095086,0.10427567673491236,0.0004459622120108203,53.71860630903734
SIG034,T2,AZU1,GSE54514,4,0.04772485069391923,-0.012727889916513642,0.10817759130435209,0.0011547814187311105,81.24322849304318
SIG034,T2,AZU1,GSE110487,4,0.031916791453096297,0.0013453527939700886,0.0624882301122225,0.00018592579058146036,37.188563152916906
SIG034,T2,AZU1,GSE8121,4,0.05075857246166696,-0.00864445476493867,0.1101615996882726,0.001127861023030423,81.73752825921068
SIG034,T2,MAFB,GSE57065,4,-0.005777723487056405,-0.021839954282798096,0.010284507308685287,0.0,0.0
SIG034,T2,MAFB,GSE95233,4,-0.009598801489488636,-0.030438232343330075,0.011240629364352805,6.0530524147375965e-05,28.72134499581763
SIG034,T2,MAFB,GSE54514,4,-0.0073244542035013765,-0.025045876428092258,0.010396968021089505,2.051360635164428e-05,9.627734607420157
SIG034,T2,MAFB,GSE110487,4,-0.010524424066712551,-0.030106118494259412,0.009057270360834308,4.5569085052641054e-05,25.27058660760909
SIG034,T2,MAFB,GSE8121,4,-0.013870008078279239,-0.02718817578691023,-0.0005518403696482474,0.0,0.0
SIG034,T2,OASL,GSE57065,4,-0.0597621542161386,-0.15465943777283986,0.035135129340562656,0.0032141468473390095,91.84659721321896
SIG034,T2,OASL,GSE95233,4,-0.057105142388739906,-0.15266876573558713,0.03845848095810731,0.003250093615104439,91.7143815595311
SIG034,T2,OASL,GSE54514,4,-0.07084569828964896,-0.14681879743403387,0.005127400854735939,0.0018275254019360354,80.77875080536646
SIG034,T2,OASL,GSE110487,4,-0.032636870229250214,-0.0731368607800231,0.00786312032152267,0.0004830189919202294,70.06073040043779
SIG034,T2,OASL,GSE8121,4,-0.058312343896491155,-0.15424508297757122,0.03762039518458892,0.003283370369723327,91.70122799488779
SIG034,T2,UBE2L6,GSE57065,4,-0.0059631767586519405,-0.018769518466597024,0.006843164949293143,0.0,0.0
SIG034,T2,UBE2L6,GSE95233,4,0.0006219828241318623,-0.02592376645007104,0.027167732098334767,0.0001426745545589321,49.04033991458008
SIG034,T2,UBE2L6,GSE54514,4,-0.0010063322922645764,-0.026132633642692336,0.024119969058163184,0.00010822934361568118,47.38567735177729
SIG034,T2,UBE2L6,GSE110487,4,5.69577405155512e-05,-0.025099575264621893,0.025213490745652996,0.00011473038142606367,49.03890861698303
SIG034,T2,UBE2L6,GSE8121,4,0.0038761104841178616,-0.014641495179369517,0.02239371614760524,0.0,0.0
SIG034,T2,VAMP5,GSE57065,4,-0.0015563881227553032,-0.00997828249784108,0.006865506252330475,0.0,0.0
SIG034,T2,VAMP5,GSE95233,4,-0.003895976506442156,-0.009572302576782214,0.0017803495638979015,0.0,0.0
SIG034,T2,VAMP5,GSE54514,4,-0.0031480535204901523,-0.011489745731145773,0.005193638690165469,0.0,0.0
SIG034,T2,VAMP5,GSE110487,4,-0.00233062664192271,-0.011033864435683117,0.006372611151837697,0.0,0.0
SIG034,T2,VAMP5,GSE8121,4,0.0004076654703428489,-0.00891359579848151,0.009728926739167209,0.0,0.0
SIG034,T2,CCL2,GSE57065,4,0.0026124667805312064,-0.0038567256093845585,0.009081659170446971,7.352662377138326e-06,0.0
SIG034,T2,CCL2,GSE95233,4,0.004113813230874069,-0.00789543741408969,0.016123063875837826,1.927177261483402e-05,27.083402629707987
SIG034,T2,CCL2,GSE54514,4,0.008830004668337318,-0.0017907170098255994,0.019450726346500236,0.0,0.0
SIG034,T2,CCL2,GSE110487,4,0.0035572599431887768,-0.006646979705884421,0.013761499592261976,1.2476224166000436e-05,22.1611931608461
SIG034,T2,CCL2,GSE8121,4,0.0022971370142427765,-0.009315141564860761,0.013909415593346314,1.3213270478914896e-05,0.0
SIG034,T2,NAPA,GSE57065,4,0.0066379065166827025,-0.03634423197022722,0.04962004500359263,0.0005730456699322611,81.01710176527952
SIG034,T2,NAPA,GSE95233,4,0.006184493157137605,-0.03139481271205549,0.04376379902633071,0.0005000863317388051,89.98708442275128
SIG034,T2,NAPA,GSE54514,4,0.019650333643283984,-0.018849823465191515,0.05815049075175949,0.0004994777994719881,88.80327032971158
SIG034,T2,NAPA,GSE110487,4,0.011238685685824123,-0.036288756952556823,0.05876612832420507,0.0007792884950576684,91.29207840544848
SIG034,T2,NAPA,GSE8121,4,0.018977202671391382,-0.02249781334087848,0.06045221868366124,0.0005790957723884081,88.03831795455747
SIG034,T2,ATG3,GSE57065,4,0.005398297205084456,0.003662941582781997,0.007133652827386915,0.0,0.0
SIG034,T2,ATG3,GSE95233,4,0.00591979919691565,0.0032312242985560132,0.008608374095275288,0.0,0.0
SIG034,T2,ATG3,GSE54514,4,0.005500157094484077,0.0022886265688386843,0.00871168762012947,0.0,0.0
SIG034,T2,ATG3,GSE110487,4,0.006363947909648498,0.002753795650970825,0.009974100168326172,0.0,0.0
SIG034,T2,ATG3,GSE8121,4,0.005533696126060827,0.0026238998953308644,0.00844349235679079,0.0,0.0
SIG034,T2,VRK2,GSE57065,4,0.011050508448120569,-0.012215376446310409,0.03431639334255154,0.00015348027966889007,74.17444144158924
SIG034,T2,VRK2,GSE95233,4,0.010441448506654549,-0.012906127296634354,0.033789024309943454,0.00014807055095130805,70.77617230166754
SIG034,T2,VRK2,GSE54514,4,0.01707591302405036,0.003054085628335517,0.031097740419765204,2.1479397339273055e-05,0.0
SIG034,T2,VRK2,GSE110487,4,0.01451468135052098,-0.010968542684390818,0.039997905385432776,0.0002073585236125852,76.85652268023004
SIG034,T2,VRK2,GSE8121,4,0.0095982043148961,-0.011283633168126762,0.03048004179791896,0.0001206682227118549,70.09894080003352
SIG034,T2,TMEM123,GSE57065,4,0.0052984688278236184,-0.01526807284721391,0.02586501050286115,5.128172620209789e-05,31.649580216765138
SIG034,T2,TMEM123,GSE95233,4,0.0006877676628198134,-0.014966217226179706,0.01634175255181933,0.0,0.0
SIG034,T2,TMEM123,GSE54514,4,0.007952439097619411,-0.00983663205961936,0.025741510254858182,4.73494868806832e-05,13.625992185581387
SIG034,T2,TMEM123,GSE110487,4,0.010110807965032177,-0.009965750282533796,0.030187366212598148,4.194829560033227e-06,0.0
SIG034,T2,TMEM123,GSE8121,4,0.00335349716982656,-0.013011736740709164,0.019718731080362283,2.3021119706207825e-05,3.977088940096491
SIG034,T2,CASP7,GSE57065,4,0.0025632420662627564,-0.005922947032348292,0.011049431164873804,0.0,0.0
SIG034,T2,CASP7,GSE95233,4,0.006760696548945643,-0.020469694816652506,0.03399108791454379,0.0001357122355692245,59.99930782740226
SIG034,T2,CASP7,GSE54514,4,0.008984227074041196,-0.02074732351137562,0.038715777659458016,0.0001850682135373833,59.88305703576632
SIG034,T2,CASP7,GSE110487,4,0.008633730937800966,-0.010421059349805752,0.027688521225407686,4.17252855799159e-05,42.00616799221696
SIG034,T2,CASP7,GSE8121,4,0.005004442534044317,-0.020641146737054552,0.030650031805143186,9.545154119754224e-05,56.74077916908664
SIG034,T2,DOK2,GSE57065,4,-0.008369560496867113,-0.017874456319517465,0.0011353353257832367,7.682365630690154e-06,0.0
SIG034,T2,DOK2,GSE95233,4,-0.007053714945149667,-0.016283368287766702,0.0021759383974673694,0.0,0.0
SIG034,T2,DOK2,GSE54514,4,-0.005139063961991654,-0.008589497930304332,-0.0016886299936789764,0.0,0.0
SIG034,T2,DOK2,GSE110487,4,-0.00715209412193309,-0.016733846151959178,0.002429657908093,9.93336207205939e-07,0.0
SIG034,T2,DOK2,GSE8121,4,-0.010486538756436238,-0.02177801628504864,0.0008049387721761666,0.0,0.0
SIG034,T2,HLA-DPB1,GSE57065,4,-0.020943250028662902,-0.056418958344877666,0.014532458287551862,0.00044345937010463834,89.62076442402027
SIG034,T2,HLA-DPB1,GSE95233,4,-0.014602239332178498,-0.05500015831777767,0.02579567965342068,0.0005595279684566403,89.72422843943725
SIG034,T2,HLA-DPB1,GSE54514,4,-0.01704109606242972,-0.059161301972049,0.025079109847189564,0.0006135191032417204,89.907496180095
SIG034,T2,HLA-DPB1,GSE110487,4,-0.006636681560417796,-0.025481802463274097,0.012208439342438504,6.938006955125534e-05,58.96633719377441
SIG034,T2,HLA-DPB1,GSE8121,4,-0.02144508837341705,-0.05901642038966032,0.01612624364282622,0.00044828163229972373,82.30444440306162
SIG034,T2,BUB3,GSE57065,4,-0.009732931043553435,-0.025884779605042943,0.006418917517936072,8.391145655169989e-05,78.88447956831212
SIG034,T2,BUB3,GSE95233,4,-0.009725809140249847,-0.026560495754460685,0.007108877473960993,9.113069368330827e-05,77.91366363965444
SIG034,T2,BUB3,GSE54514,4,-0.009491745692749066,-0.026264099645963136,0.007280608260465005,8.96284059600314e-05,76.80053165674504
SIG034,T2,BUB3,GSE110487,4,-0.009025194621270514,-0.025490178011071885,0.007439788768530856,8.413231345467121e-05,74.05935666503319
SIG034,T2,BUB3,GSE8121,4,-0.015579383221879595,-0.0169361595070247,-0.014222606936734489,0.0,0.0
SIG034,T2,SMYD2,GSE57065,4,-0.01190256725483864,-0.038112267140392335,0.014307132630715052,0.00018438142432254033,80.19931357176651
SIG034,T2,SMYD2,GSE95233,4,-0.01294119449898806,-0.04123770882889507,0.015355319830918946,0.00022773638760212247,77.33309709170906
SIG034,T2,SMYD2,GSE54514,4,-0.016946536167473672,-0.044039375907798516,0.010146303572851172,0.00022419269859138535,83.18652966229182
SIG034,T2,SMYD2,GSE110487,4,-0.008380394689055508,-0.0254639927129787,0.008703203334867687,7.785742904213253e-05,72.18570574421823
SIG034,T2,SMYD2,GSE8121,4,-0.017828729507150965,-0.03985637872921123,0.004198919714909304,0.00012348382866017314,70.86106136892825
SIG034,T2,SIDT1,GSE57065,4,-0.01742144010121648,-0.060100750138252515,0.02525786993581956,0.00046227540645529634,68.21880253932868
SIG034,T2,SIDT1,GSE95233,4,-0.005516825763480645,-0.024695366454846216,0.013661714927884924,1.6850026490996936e-05,38.25770373688023
SIG034,T2,SIDT1,GSE54514,4,-0.026783849295142506,-0.0720833529507581,0.018515654360473095,0.0006221512768406746,72.30043142519142
SIG034,T2,SIDT1,GSE110487,4,-0.017852858461298467,-0.062267772210725575,0.026562055288128637,0.0005110937146365855,67.12662998846527
SIG034,T2,SIDT1,GSE8121,4,-0.028191855844681507,-0.06628580243274419,0.009902090743381178,0.0004046399371417489,62.23196166802602
SIG034,T2,EXOC2,GSE57065,4,0.010839072429056355,-0.003093457527505391,0.0247716023856181,3.862466140523991e-05,52.53951164747701
SIG034,T2,EXOC2,GSE95233,4,0.010952057999377597,-0.00461394775949173,0.026518063758246925,4.907468825948885e-05,51.417246637812106
SIG034,T2,EXOC2,GSE54514,4,0.015167693469559467,0.00037750202642648605,0.029957884912692447,5.3361015375753404e-05,47.18095135892875
SIG034,T2,EXOC2,GSE110487,4,0.007392169754438909,-0.0017324973575159278,0.01651683686639375,0.0,14.975166088559455
SIG034,T2,EXOC2,GSE8121,4,0.014971605720052048,-0.0003131912428348243,0.030256402682938922,6.162026738167162e-05,54.043982679787085
SIG034,T2,TRIB2,GSE57065,4,-0.03363980033197557,-0.11164789415517047,0.04436829349121933,0.0021037827019817013,89.42625857248791
SIG034,T2,TRIB2,GSE95233,4,-0.028005697427930198,-0.10909402999259654,0.05308263513673614,0.0022593620527856443,88.13955707032373
SIG034,T2,TRIB2,GSE54514,4,-0.03645167711391646,-0.11200463195941406,0.03910127773158113,0.00192801429368624,88.67218525458198
SIG034,T2,TRIB2,GSE110487,4,-0.0088994632368495,-0.03214530721471398,0.014346380741014983,8.883923033127065e-05,41.10068527262303
SIG034,T2,TRIB2,GSE8121,4,-0.03632582426404703,-0.11252502341094142,0.03987337488284737,0.0019571500852808787,87.50853663691235
SIG034,T2,KLRB1,GSE57065,4,-0.02622543131585393,-0.0810694492093435,0.02861858657763564,0.0008098858954519381,69.83083862084773
SIG034,T2,KLRB1,GSE95233,4,-0.021541171308058032,-0.0782174989591717,0.035135156343055626,0.0008536281998538858,67.93341730140988
SIG034,T2,KLRB1,GSE54514,4,-0.025966754328993976,-0.07948520730141521,0.02755169864342726,0.000761415006924129,69.76685965280464
SIG034,T2,KLRB1,GSE110487,4,-0.008168281372795435,-0.03180739050939354,0.015470827763802672,1.8288038836776014e-05,0.0
SIG034,T2,KLRB1,GSE8121,4,-0.03261685238240584,-0.08154089692802974,0.016307192163218062,0.0004017031443664897,43.76451054342929
