signature_id,time_window,analysis_set,omitted_dataset,cohort_n,pooled_delta_z,ci95_lower,ci95_upper,tau2,I2_percent
SIG001,T1,ALL_COHORTS,GSE236713,3,-0.40230803108067675,-0.5303941641876978,-0.2742218979736557,0.0,0.0
SIG001,T1,ALL_COHORTS,GSE54514,3,-0.37568761409102425,-0.4606274922536053,-0.2907477359284432,0.0,0.0
SIG001,T1,ALL_COHORTS,GSE57065,3,-0.3683308638605717,-0.41857996210467774,-0.3180817656164656,0.0,0.0
SIG001,T1,ALL_COHORTS,GSE95233,3,-0.3827935005437677,-0.4686880392451528,-0.2968989618423826,0.0,0.0
SIG001,T1,PRIMARY_INDEPENDENT,GSE236713,3,-0.40230803108067675,-0.5303941641876978,-0.2742218979736557,0.0,0.0
SIG001,T1,PRIMARY_INDEPENDENT,GSE54514,3,-0.37568761409102425,-0.4606274922536053,-0.2907477359284432,0.0,0.0
SIG001,T1,PRIMARY_INDEPENDENT,GSE57065,3,-0.3683308638605717,-0.41857996210467774,-0.3180817656164656,0.0,0.0
SIG001,T1,PRIMARY_INDEPENDENT,GSE95233,3,-0.3827935005437677,-0.4686880392451528,-0.2968989618423826,0.0,0.0
SIG001,T2,ALL_COHORTS,GSE110487,4,-0.723804913191355,-1.278270065389055,-0.1693397609936549,0.09677528885774096,78.40932761734952
SIG001,T2,ALL_COHORTS,GSE54514,4,-0.8457046979311996,-1.5636961245563765,-0.12771327130602272,0.184398899464226,90.51793241249833
SIG001,T2,ALL_COHORTS,GSE57065,4,-0.8875870143434056,-1.603961519732604,-0.17121250895420703,0.18440000254707214,90.41231903156624
SIG001,T2,ALL_COHORTS,GSE8121,4,-1.0257103777272443,-1.44060979891818,-0.6108109565363085,0.043542870043589046,59.52866186835934
SIG001,T2,ALL_COHORTS,GSE95233,4,-0.8037874735669402,-1.4992023404085957,-0.10837260672528481,0.17291734273043574,89.96099617342298
SIG001,T2,PRESPECIFIED_NON_PILOT_ONLY,GSE110487,2,-0.6660655112391857,-5.639995679569534,4.307864657091162,0.2805645154182121,91.47605783307353
SIG001,T2,PRESPECIFIED_NON_PILOT_ONLY,GSE8121,2,-1.224010096120795,-2.7004487598375917,0.2524285675960021,0.003142936537497264,10.700780696230755
SIG001,T2,PRESPECIFIED_NON_PILOT_ONLY,GSE95233,2,-0.797920915942407,-7.313515506092537,5.717673674207724,0.5080983207786832,96.61428323650742
SIG001,T2,PRIMARY_INDEPENDENT,GSE110487,4,-0.723804913191355,-1.278270065389055,-0.1693397609936549,0.09677528885774096,78.40932761734952
SIG001,T2,PRIMARY_INDEPENDENT,GSE54514,4,-0.8457046979311996,-1.5636961245563765,-0.12771327130602272,0.184398899464226,90.51793241249833
SIG001,T2,PRIMARY_INDEPENDENT,GSE57065,4,-0.8875870143434056,-1.603961519732604,-0.17121250895420703,0.18440000254707214,90.41231903156624
SIG001,T2,PRIMARY_INDEPENDENT,GSE8121,4,-1.0257103777272443,-1.44060979891818,-0.6108109565363085,0.043542870043589046,59.52866186835934
SIG001,T2,PRIMARY_INDEPENDENT,GSE95233,4,-0.8037874735669402,-1.4992023404085957,-0.10837260672528481,0.17291734273043574,89.96099617342298
SIG001,T2,STRICT_NEVER_USED,GSE110487,2,-0.6660655112391857,-5.639995679569534,4.307864657091162,0.2805645154182121,91.47605783307353
SIG001,T2,STRICT_NEVER_USED,GSE8121,2,-1.224010096120795,-2.7004487598375917,0.2524285675960021,0.003142936537497264,10.700780696230755
SIG001,T2,STRICT_NEVER_USED,GSE95233,2,-0.797920915942407,-7.313515506092537,5.717673674207724,0.5080983207786832,96.61428323650742
SIG002,T1,ALL_COHORTS,GSE236713,3,-0.1564975020280154,-0.1849172084374927,-0.1280777956185381,0.0,0.0
SIG002,T1,ALL_COHORTS,GSE54514,3,-0.07087568570629159,-0.18124774980080943,0.03949637838822624,0.0,0.0
SIG002,T1,ALL_COHORTS,GSE57065,3,-0.070758221197521,-0.18081612213710363,0.03929967974206164,0.0,0.0
SIG002,T1,ALL_COHORTS,GSE95233,3,-0.0721533187652119,-0.18011355437996762,0.035806916849543804,0.0,0.0
SIG002,T1,PRIMARY_INDEPENDENT,GSE236713,2,-0.1596683421179304,-0.29496461485609776,-0.02437206937976305,0.0,0.0
SIG002,T1,PRIMARY_INDEPENDENT,GSE57065,2,-0.06320587402043759,-0.41495348555414935,0.28854173751327417,0.0,0.0
SIG002,T1,PRIMARY_INDEPENDENT,GSE95233,2,-0.06498831735054597,-0.4141452930871392,0.2841686583860473,0.0,0.0
SIG002,T1,STRICT_NEVER_USED,GSE236713,2,-0.1596683421179304,-0.29496461485609776,-0.02437206937976305,0.0,0.0
SIG002,T1,STRICT_NEVER_USED,GSE57065,2,-0.06320587402043759,-0.41495348555414935,0.28854173751327417,0.0,0.0
SIG002,T1,STRICT_NEVER_USED,GSE95233,2,-0.06498831735054597,-0.4141452930871392,0.2841686583860473,0.0,0.0
SIG002,T2,ALL_COHORTS,GSE110487,4,-0.5879288665569129,-1.1342910097584373,-0.04156672335538836,0.06965672383199487,61.70621456658056
SIG002,T2,ALL_COHORTS,GSE54514,4,-0.6885895701194436,-0.9056198950760734,-0.47155924516281367,0.0,0.0
SIG002,T2,ALL_COHORTS,GSE57065,4,-0.554111126888934,-1.0515628508134516,-0.05665940296441646,0.050323684997975085,56.96286578773652
SIG002,T2,ALL_COHORTS,GSE8121,4,-0.6006939796379877,-1.1500747777761056,-0.05131318149986974,0.07064180924713563,61.63541241947639
SIG002,T2,ALL_COHORTS,GSE95233,4,-0.5354728701103245,-0.9798416686412028,-0.09110407157944628,0.03036803943551666,47.79306413409821
SIG002,T2,PRESPECIFIED_NON_PILOT_ONLY,GSE110487,2,-0.6992247620122635,-2.568279711082509,1.1698301870579821,0.010505794916045988,23.38053191303443
SIG002,T2,PRESPECIFIED_NON_PILOT_ONLY,GSE8121,2,-0.725202990004942,-2.3098671469096455,0.8594611668997613,0.0,0.0
SIG002,T2,PRESPECIFIED_NON_PILOT_ONLY,GSE95233,2,-0.5995262200120572,-0.8863818373614245,-0.31267060266269003,0.0,0.0
SIG002,T2,PRIMARY_INDEPENDENT,GSE110487,3,-0.7155334585703678,-1.1148964979271476,-0.31617041921358796,0.0,0.0
SIG002,T2,PRIMARY_INDEPENDENT,GSE57065,3,-0.6663081670834609,-1.032901110847988,-0.29971522331893374,0.0,0.0
SIG002,T2,PRIMARY_INDEPENDENT,GSE8121,3,-0.741876702364798,-1.0745651430588024,-0.4091882616707936,0.0,0.0
SIG002,T2,PRIMARY_INDEPENDENT,GSE95233,3,-0.6427442880674593,-0.8889643233790688,-0.3965242527558498,0.0,0.0
SIG002,T2,STRICT_NEVER_USED,GSE110487,3,-0.7155334585703678,-1.1148964979271476,-0.31617041921358796,0.0,0.0
SIG002,T2,STRICT_NEVER_USED,GSE57065,3,-0.6663081670834609,-1.032901110847988,-0.29971522331893374,0.0,0.0
SIG002,T2,STRICT_NEVER_USED,GSE8121,3,-0.741876702364798,-1.0745651430588024,-0.4091882616707936,0.0,0.0
SIG002,T2,STRICT_NEVER_USED,GSE95233,3,-0.6427442880674593,-0.8889643233790688,-0.3965242527558498,0.0,0.0
SIG003,T1,ALL_COHORTS,GSE236713,3,-0.29886167403332364,-0.5999954748074111,0.0022721267407638246,0.0,0.0
SIG003,T1,ALL_COHORTS,GSE54514,3,-0.17308860011740615,-0.268709338680083,-0.0774678615547293,0.0,0.0
SIG003,T1,ALL_COHORTS,GSE57065,3,-0.2073184611890318,-0.5100173874589238,0.09538046508086018,0.0,0.0
SIG003,T1,ALL_COHORTS,GSE95233,3,-0.206698542149995,-0.5093025904609536,0.09590550616096355,0.0,0.0
SIG003,T1,PRIMARY_INDEPENDENT,GSE236713,2,-0.22335520684965895,-0.251008563333872,-0.19570185036544593,0.0,0.0
SIG003,T1,PRIMARY_INDEPENDENT,GSE57065,2,-0.16528218350134707,-0.5043018144890797,0.17373744748638562,0.0,0.0
SIG003,T1,PRIMARY_INDEPENDENT,GSE95233,2,-0.16447503573127367,-0.48193606938627176,0.1529859979237244,0.0,0.0
SIG003,T1,STRICT_NEVER_USED,GSE236713,2,-0.22335520684965895,-0.251008563333872,-0.19570185036544593,0.0,0.0
SIG003,T1,STRICT_NEVER_USED,GSE57065,2,-0.16528218350134707,-0.5043018144890797,0.17373744748638562,0.0,0.0
SIG003,T1,STRICT_NEVER_USED,GSE95233,2,-0.16447503573127367,-0.48193606938627176,0.1529859979237244,0.0,0.0
SIG003,T2,ALL_COHORTS,GSE110487,4,-0.8340271723599721,-1.5548797186520815,-0.11317462606786266,0.13858946855490042,66.77465747346332
SIG003,T2,ALL_COHORTS,GSE54514,4,-0.8986462115572165,-1.2237089928778342,-0.5735834302365987,0.0007519851137141779,0.0
SIG003,T2,ALL_COHORTS,GSE57065,4,-0.8187716054043285,-1.5209510343796642,-0.11659217642899267,0.1287240329807626,66.6090818936588
SIG003,T2,ALL_COHORTS,GSE8121,4,-0.7643732612817171,-1.3495354920015825,-0.17921103056185184,0.0802436863379376,62.30143325825572
SIG003,T2,ALL_COHORTS,GSE95233,4,-0.7088448084038725,-1.2445597564837785,-0.1731298603239665,0.04503285127164005,47.66129429202684
SIG003,T2,PRESPECIFIED_NON_PILOT_ONLY,GSE110487,2,-1.2092708227552689,-1.397265015057618,-1.0212766304529197,0.0,0.0
SIG003,T2,PRESPECIFIED_NON_PILOT_ONLY,GSE8121,2,-0.9444805094916825,-3.4995855616649343,1.610624542681569,0.044190131140740774,51.52297048246375
SIG003,T2,PRESPECIFIED_NON_PILOT_ONLY,GSE95233,2,-0.8297287803938345,-2.5062805328590434,0.8468229720713747,0.0,0.0
SIG003,T2,PRIMARY_INDEPENDENT,GSE110487,3,-1.0253146581116914,-1.6066884103636028,-0.4439409058597802,0.0,0.0
SIG003,T2,PRIMARY_INDEPENDENT,GSE57065,3,-0.9751852615875118,-1.6172708116737122,-0.33309971150131157,0.032607507816131254,23.417491758884502
SIG003,T2,PRIMARY_INDEPENDENT,GSE8121,3,-0.8766900909834461,-1.3630726794666712,-0.3903075025002209,0.0,5.890452403920028
SIG003,T2,PRIMARY_INDEPENDENT,GSE95233,3,-0.8291035728266406,-1.1715236797396884,-0.48668346591359285,0.0,0.0
SIG003,T2,STRICT_NEVER_USED,GSE110487,3,-1.0253146581116914,-1.6066884103636028,-0.4439409058597802,0.0,0.0
SIG003,T2,STRICT_NEVER_USED,GSE57065,3,-0.9751852615875118,-1.6172708116737122,-0.33309971150131157,0.032607507816131254,23.417491758884502
SIG003,T2,STRICT_NEVER_USED,GSE8121,3,-0.8766900909834461,-1.3630726794666712,-0.3903075025002209,0.0,5.890452403920028
SIG003,T2,STRICT_NEVER_USED,GSE95233,3,-0.8291035728266406,-1.1715236797396884,-0.48668346591359285,0.0,0.0
SIG004,T1,ALL_COHORTS,GSE236713,3,0.001826759117968446,-0.5988345629458077,0.6024880811817447,0.012283676002040717,28.307081904417906
SIG004,T1,ALL_COHORTS,GSE54514,3,0.026963430801954576,-0.37755597305518745,0.4314828346590966,0.00869776584721682,23.650880253571568
SIG004,T1,ALL_COHORTS,GSE57065,3,0.1014056063974066,-0.27939493614256034,0.4822061489373735,0.0,32.19775546838696
SIG004,T1,ALL_COHORTS,GSE95233,3,0.1112145346845858,-0.12922506266835876,0.3516541320375304,0.0,0.0
SIG004,T1,PRIMARY_INDEPENDENT,GSE236713,2,-0.11162681294252227,-1.405851193099965,1.1825975672149207,0.0,0.0
SIG004,T1,PRIMARY_INDEPENDENT,GSE57065,2,-0.00034822075732532045,-2.197811888626046,2.1971154471113956,0.03774558115991408,55.702455700978184
SIG004,T1,PRIMARY_INDEPENDENT,GSE95233,2,0.09177639898200052,-0.6783383520779686,0.8618911500419696,0.0,0.0
SIG004,T1,STRICT_NEVER_USED,GSE236713,2,-0.11162681294252227,-1.405851193099965,1.1825975672149207,0.0,0.0
SIG004,T1,STRICT_NEVER_USED,GSE57065,2,-0.00034822075732532045,-2.197811888626046,2.1971154471113956,0.03774558115991408,55.702455700978184
SIG004,T1,STRICT_NEVER_USED,GSE95233,2,0.09177639898200052,-0.6783383520779686,0.8618911500419696,0.0,0.0
SIG004,T2,ALL_COHORTS,GSE110487,4,0.4926036296597003,0.2851461947953903,0.7000610645240103,0.0,0.0
SIG004,T2,ALL_COHORTS,GSE54514,4,0.6972451968898257,0.33211783001508327,1.062372563764568,0.02560204007661412,31.161914648730605
SIG004,T2,ALL_COHORTS,GSE57065,4,0.662748326653133,0.23547654010367974,1.0900201132025862,0.04071183357505396,46.28635236150711
SIG004,T2,ALL_COHORTS,GSE8121,4,0.6408358067840279,0.21006537863417069,1.071606234933885,0.0436070850926662,53.17112490053552
SIG004,T2,ALL_COHORTS,GSE95233,4,0.6107489161970664,0.16724776562327542,1.0542500667708574,0.050290496528229284,55.885089170485514
SIG004,T2,PRESPECIFIED_NON_PILOT_ONLY,GSE110487,2,0.5974385183243648,-0.28642404160234103,1.4813010782510707,0.0,0.0
SIG004,T2,PRESPECIFIED_NON_PILOT_ONLY,GSE8121,2,0.8673759215241523,-0.6140632990215364,2.3488151420698413,0.0,0.0
SIG004,T2,PRESPECIFIED_NON_PILOT_ONLY,GSE95233,2,0.7970377716304079,-1.6743537673741655,3.2684293106349815,0.037934919417409355,44.043846098818996
SIG004,T2,PRIMARY_INDEPENDENT,GSE110487,3,0.5442225642719501,0.2963867270861594,0.792058401457741,0.0,0.0
SIG004,T2,PRIMARY_INDEPENDENT,GSE57065,3,0.7838940516375833,0.256483673139275,1.3113044301358916,0.013821070774531981,13.464851411325258
SIG004,T2,PRIMARY_INDEPENDENT,GSE8121,3,0.7281027411490882,0.12351125048984257,1.332694231808334,0.0317049202657476,44.589800665988605
SIG004,T2,PRIMARY_INDEPENDENT,GSE95233,3,0.6907382926900558,0.020812460937081445,1.3606641244430302,0.044934695808838236,52.455521748059255
SIG004,T2,STRICT_NEVER_USED,GSE110487,3,0.5442225642719501,0.2963867270861594,0.792058401457741,0.0,0.0
SIG004,T2,STRICT_NEVER_USED,GSE57065,3,0.7838940516375833,0.256483673139275,1.3113044301358916,0.013821070774531981,13.464851411325258
SIG004,T2,STRICT_NEVER_USED,GSE8121,3,0.7281027411490882,0.12351125048984257,1.332694231808334,0.0317049202657476,44.589800665988605
SIG004,T2,STRICT_NEVER_USED,GSE95233,3,0.6907382926900558,0.020812460937081445,1.3606641244430302,0.044934695808838236,52.455521748059255
SIG022,T1,ALL_COHORTS,GSE236713,3,-0.09115187635852433,-0.6192537361031798,0.43694998338613117,0.023239816210479533,56.0495363700899
SIG022,T1,ALL_COHORTS,GSE54514,3,-0.09511816379055256,-0.44700149708491965,0.25676516950381456,0.010502398248253424,53.08929628571952
SIG022,T1,ALL_COHORTS,GSE57065,3,-0.04399448054592439,-0.5720594202295873,0.4840704591377386,0.027032964144540334,64.10193768553079
SIG022,T1,ALL_COHORTS,GSE95233,3,-0.0032732179533280226,-0.2185368745727349,0.21199043866607886,0.0,0.0
SIG022,T1,PRIMARY_INDEPENDENT,GSE236713,3,-0.09115187635852433,-0.6192537361031798,0.43694998338613117,0.023239816210479533,56.0495363700899
SIG022,T1,PRIMARY_INDEPENDENT,GSE54514,3,-0.09511816379055256,-0.44700149708491965,0.25676516950381456,0.010502398248253424,53.08929628571952
SIG022,T1,PRIMARY_INDEPENDENT,GSE57065,3,-0.04399448054592439,-0.5720594202295873,0.4840704591377386,0.027032964144540334,64.10193768553079
SIG022,T1,PRIMARY_INDEPENDENT,GSE95233,3,-0.0032732179533280226,-0.2185368745727349,0.21199043866607886,0.0,0.0
SIG022,T1,STRICT_NEVER_USED,GSE236713,3,-0.09115187635852433,-0.6192537361031798,0.43694998338613117,0.023239816210479533,56.0495363700899
SIG022,T1,STRICT_NEVER_USED,GSE54514,3,-0.09511816379055256,-0.44700149708491965,0.25676516950381456,0.010502398248253424,53.08929628571952
SIG022,T1,STRICT_NEVER_USED,GSE57065,3,-0.04399448054592439,-0.5720594202295873,0.4840704591377386,0.027032964144540334,64.10193768553079
SIG022,T1,STRICT_NEVER_USED,GSE95233,3,-0.0032732179533280226,-0.2185368745727349,0.21199043866607886,0.0,0.0
SIG022,T2,ALL_COHORTS,GSE110487,4,0.00420768674408206,-0.17037335144412488,0.178788724932289,0.0,0.0
SIG022,T2,ALL_COHORTS,GSE54514,4,0.16333793264027371,-0.29958623253651606,0.6262620978170634,0.0733851839391182,86.21811821178088
SIG022,T2,ALL_COHORTS,GSE57065,4,0.15597262608617768,-0.32238367169068877,0.6343289238630441,0.07841106521468606,86.26058645725074
SIG022,T2,ALL_COHORTS,GSE8121,4,0.20917258424762242,-0.20453956150323077,0.6228847299984757,0.053155782273282916,77.58786687033343
SIG022,T2,ALL_COHORTS,GSE95233,4,0.14100970145025135,-0.3424404230687189,0.6244598259692216,0.08047860433131554,86.60553297358938
SIG022,T2,PRESPECIFIED_NON_PILOT_ONLY,GSE110487,2,-0.008253308731136817,-1.4553830334951614,1.438876416032888,0.011701042019056635,44.23500219767346
SIG022,T2,PRESPECIFIED_NON_PILOT_ONLY,GSE8121,2,0.3514942553513419,-2.4462556692353785,3.1492441799380626,0.08240280345801029,84.85728360895695
SIG022,T2,PRESPECIFIED_NON_PILOT_ONLY,GSE95233,2,0.22812435116680316,-4.0329460826306605,4.489194784964267,0.21389007886997147,95.09439375329484
SIG022,T2,PRIMARY_INDEPENDENT,GSE110487,4,0.00420768674408206,-0.17037335144412488,0.178788724932289,0.0,0.0
SIG022,T2,PRIMARY_INDEPENDENT,GSE54514,4,0.16333793264027371,-0.29958623253651606,0.6262620978170634,0.0733851839391182,86.21811821178088
SIG022,T2,PRIMARY_INDEPENDENT,GSE57065,4,0.15597262608617768,-0.32238367169068877,0.6343289238630441,0.07841106521468606,86.26058645725074
SIG022,T2,PRIMARY_INDEPENDENT,GSE8121,4,0.20917258424762242,-0.20453956150323077,0.6228847299984757,0.053155782273282916,77.58786687033343
SIG022,T2,PRIMARY_INDEPENDENT,GSE95233,4,0.14100970145025135,-0.3424404230687189,0.6244598259692216,0.08047860433131554,86.60553297358938
SIG022,T2,STRICT_NEVER_USED,GSE110487,4,0.00420768674408206,-0.17037335144412488,0.178788724932289,0.0,0.0
SIG022,T2,STRICT_NEVER_USED,GSE54514,4,0.16333793264027371,-0.29958623253651606,0.6262620978170634,0.0733851839391182,86.21811821178088
SIG022,T2,STRICT_NEVER_USED,GSE57065,4,0.15597262608617768,-0.32238367169068877,0.6343289238630441,0.07841106521468606,86.26058645725074
SIG022,T2,STRICT_NEVER_USED,GSE8121,4,0.20917258424762242,-0.20453956150323077,0.6228847299984757,0.053155782273282916,77.58786687033343
SIG022,T2,STRICT_NEVER_USED,GSE95233,4,0.14100970145025135,-0.3424404230687189,0.6244598259692216,0.08047860433131554,86.60553297358938
SIG023,T1,ALL_COHORTS,GSE236713,3,0.07852135500046364,-1.0242958796474042,1.1813385896483317,0.1678269695472556,85.65328668707144
SIG023,T1,ALL_COHORTS,GSE54514,3,0.17362921302989734,-0.3867859780237638,0.7340444040835584,0.044551951753060336,86.13391718876527
SIG023,T1,ALL_COHORTS,GSE57065,3,-0.04769174972734087,-0.9984344470767816,0.9030509476220998,0.11974717815428057,83.60936371476987
SIG023,T1,ALL_COHORTS,GSE95233,3,-0.0471504868612077,-0.979600992436813,0.8853000187143976,0.11755129223230902,86.51533808173501
SIG023,T1,PRIMARY_INDEPENDENT,GSE236713,3,0.07852135500046364,-1.0242958796474042,1.1813385896483317,0.1678269695472556,85.65328668707144
SIG023,T1,PRIMARY_INDEPENDENT,GSE54514,3,0.17362921302989734,-0.3867859780237638,0.7340444040835584,0.044551951753060336,86.13391718876527
SIG023,T1,PRIMARY_INDEPENDENT,GSE57065,3,-0.04769174972734087,-0.9984344470767816,0.9030509476220998,0.11974717815428057,83.60936371476987
SIG023,T1,PRIMARY_INDEPENDENT,GSE95233,3,-0.0471504868612077,-0.979600992436813,0.8853000187143976,0.11755129223230902,86.51533808173501
SIG023,T1,STRICT_NEVER_USED,GSE236713,3,0.07852135500046364,-1.0242958796474042,1.1813385896483317,0.1678269695472556,85.65328668707144
SIG023,T1,STRICT_NEVER_USED,GSE54514,3,0.17362921302989734,-0.3867859780237638,0.7340444040835584,0.044551951753060336,86.13391718876527
SIG023,T1,STRICT_NEVER_USED,GSE57065,3,-0.04769174972734087,-0.9984344470767816,0.9030509476220998,0.11974717815428057,83.60936371476987
SIG023,T1,STRICT_NEVER_USED,GSE95233,3,-0.0471504868612077,-0.979600992436813,0.8853000187143976,0.11755129223230902,86.51533808173501
SIG023,T2,ALL_COHORTS,GSE110487,4,0.018889559683309267,-0.1953897330409211,0.23316885240753965,0.0,0.0
SIG023,T2,ALL_COHORTS,GSE54514,4,-0.03900968862509426,-0.34440004851564476,0.2663806712654563,0.020553213554163997,56.48859107092318
SIG023,T2,ALL_COHORTS,GSE57065,4,-0.10664844926726642,-0.337342190195439,0.12404529166090612,0.00841464053852066,22.743725421339477
SIG023,T2,ALL_COHORTS,GSE8121,4,-0.08665158522330815,-0.40001077059216816,0.22670760014555189,0.02111451920798687,49.56940320190207
SIG023,T2,ALL_COHORTS,GSE95233,4,-0.04003196081451734,-0.36275041937829444,0.2826864977492598,0.024384895871581908,56.78476104569007
SIG023,T2,PRESPECIFIED_NON_PILOT_ONLY,GSE110487,2,-0.010356183858424505,-0.9740621645037711,0.9533497967869221,0.0,0.0
SIG023,T2,PRESPECIFIED_NON_PILOT_ONLY,GSE8121,2,-0.19680939061629013,-1.2139722015897882,0.8203534203572079,0.0,0.0
SIG023,T2,PRESPECIFIED_NON_PILOT_ONLY,GSE95233,2,-0.10426002994871325,-2.1190296568258464,1.9105095969284198,0.03712078442514955,73.742903776989
SIG023,T2,PRIMARY_INDEPENDENT,GSE110487,4,0.018889559683309267,-0.1953897330409211,0.23316885240753965,0.0,0.0
SIG023,T2,PRIMARY_INDEPENDENT,GSE54514,4,-0.03900968862509426,-0.34440004851564476,0.2663806712654563,0.020553213554163997,56.48859107092318
SIG023,T2,PRIMARY_INDEPENDENT,GSE57065,4,-0.10664844926726642,-0.337342190195439,0.12404529166090612,0.00841464053852066,22.743725421339477
SIG023,T2,PRIMARY_INDEPENDENT,GSE8121,4,-0.08665158522330815,-0.40001077059216816,0.22670760014555189,0.02111451920798687,49.56940320190207
SIG023,T2,PRIMARY_INDEPENDENT,GSE95233,4,-0.04003196081451734,-0.36275041937829444,0.2826864977492598,0.024384895871581908,56.78476104569007
SIG023,T2,STRICT_NEVER_USED,GSE110487,4,0.018889559683309267,-0.1953897330409211,0.23316885240753965,0.0,0.0
SIG023,T2,STRICT_NEVER_USED,GSE54514,4,-0.03900968862509426,-0.34440004851564476,0.2663806712654563,0.020553213554163997,56.48859107092318
SIG023,T2,STRICT_NEVER_USED,GSE57065,4,-0.10664844926726642,-0.337342190195439,0.12404529166090612,0.00841464053852066,22.743725421339477
SIG023,T2,STRICT_NEVER_USED,GSE8121,4,-0.08665158522330815,-0.40001077059216816,0.22670760014555189,0.02111451920798687,49.56940320190207
SIG023,T2,STRICT_NEVER_USED,GSE95233,4,-0.04003196081451734,-0.36275041937829444,0.2826864977492598,0.024384895871581908,56.78476104569007
SIG033,T1,ALL_COHORTS,GSE236713,3,-0.225515616169988,-0.7703256077145677,0.31929437537459177,0.017653210726823635,32.297130930897815
SIG033,T1,ALL_COHORTS,GSE54514,3,-0.13804586470410748,-0.2958228369500188,0.01973110754180385,0.0,0.0
SIG033,T1,ALL_COHORTS,GSE57065,3,-0.21942550155379784,-0.6163342668745004,0.1774832637669048,0.007328663023487253,16.57261996436417
SIG033,T1,ALL_COHORTS,GSE95233,3,-0.1521604701749728,-0.4748551079695556,0.17053416761961,0.0,28.454739760385444
SIG033,T1,PRIMARY_INDEPENDENT,GSE236713,3,-0.225515616169988,-0.7703256077145677,0.31929437537459177,0.017653210726823635,32.297130930897815
SIG033,T1,PRIMARY_INDEPENDENT,GSE54514,3,-0.13804586470410748,-0.2958228369500188,0.01973110754180385,0.0,0.0
SIG033,T1,PRIMARY_INDEPENDENT,GSE57065,3,-0.21942550155379784,-0.6163342668745004,0.1774832637669048,0.007328663023487253,16.57261996436417
SIG033,T1,PRIMARY_INDEPENDENT,GSE95233,3,-0.1521604701749728,-0.4748551079695556,0.17053416761961,0.0,28.454739760385444
SIG033,T1,STRICT_NEVER_USED,GSE236713,2,-0.2512702746878317,-3.0744737143699705,2.5719331649943076,0.06598785955824606,63.88975970932628
SIG033,T1,STRICT_NEVER_USED,GSE54514,2,-0.12476317276960806,-0.5414651148157569,0.2919387692765408,0.0,0.0
SIG033,T1,STRICT_NEVER_USED,GSE57065,2,-0.26609483077364443,-2.520820267538337,1.9886306059910481,0.0401762594364593,55.306146095659514
SIG033,T2,ALL_COHORTS,GSE110487,4,-0.19229677965486489,-0.38339647924460185,-0.0011970800651279478,0.0,0.0
SIG033,T2,ALL_COHORTS,GSE54514,4,-0.08038071600058218,-0.3615300216070521,0.20076858960588778,0.0006574894487290712,8.979422784683887
SIG033,T2,ALL_COHORTS,GSE57065,4,-0.11334088492481047,-0.4922709636460738,0.26558919379645285,0.02052450901519579,37.67575474511959
SIG033,T2,ALL_COHORTS,GSE8121,4,-0.13732312336588387,-0.5066435049194555,0.2319972581876878,0.019058495036819573,37.81255610202005
SIG033,T2,ALL_COHORTS,GSE95233,4,-0.09056034804575376,-0.42822233503306656,0.24710163894155907,0.009036954782113802,29.265825151409636
SIG033,T2,PRESPECIFIED_NON_PILOT_ONLY,GSE110487,2,-0.15643639655462968,-1.3047139963524939,0.9918412032432345,0.0,0.0
SIG033,T2,PRESPECIFIED_NON_PILOT_ONLY,GSE8121,2,-0.03553886696230473,-2.781908255851697,2.7108305219270874,0.060747232236546246,64.9892249411593
SIG033,T2,PRESPECIFIED_NON_PILOT_ONLY,GSE95233,2,0.04621733277244541,-1.5458743979943637,1.6383090635392543,0.0017613056557692743,5.601056794589947
SIG033,T2,PRIMARY_INDEPENDENT,GSE110487,4,-0.19229677965486489,-0.38339647924460185,-0.0011970800651279478,0.0,0.0
SIG033,T2,PRIMARY_INDEPENDENT,GSE54514,4,-0.08038071600058218,-0.3615300216070521,0.20076858960588778,0.0006574894487290712,8.979422784683887
SIG033,T2,PRIMARY_INDEPENDENT,GSE57065,4,-0.11334088492481047,-0.4922709636460738,0.26558919379645285,0.02052450901519579,37.67575474511959
SIG033,T2,PRIMARY_INDEPENDENT,GSE8121,4,-0.13732312336588387,-0.5066435049194555,0.2319972581876878,0.019058495036819573,37.81255610202005
SIG033,T2,PRIMARY_INDEPENDENT,GSE95233,4,-0.09056034804575376,-0.42822233503306656,0.24710163894155907,0.009036954782113802,29.265825151409636
SIG033,T2,STRICT_NEVER_USED,GSE110487,3,-0.17384735883363084,-0.5131202367149748,0.16542551904771308,0.0,0.0
SIG033,T2,STRICT_NEVER_USED,GSE54514,3,-0.03415895976016317,-0.45848248707923134,0.39016456755890494,0.0018177031859543675,8.05716266908987
SIG033,T2,STRICT_NEVER_USED,GSE57065,3,-0.07011653742051961,-0.7410185377582942,0.600785462917255,0.03332945247206494,48.891845856971365
SIG033,T2,STRICT_NEVER_USED,GSE8121,3,-0.1038192628430954,-0.7764846556942365,0.5688461300080457,0.036604404237499964,52.74405472535716
SIG034,T1,ALL_COHORTS,GSE236713,3,0.019058094419983455,-0.3725191600753474,0.41063534891531434,0.0,0.0
SIG034,T1,ALL_COHORTS,GSE54514,3,0.05332997551762063,-0.07226435458155246,0.17892430561679373,0.0,0.0
SIG034,T1,ALL_COHORTS,GSE57065,3,0.0058372694316109796,-0.23302262580613609,0.24469716466935804,0.0,0.0
SIG034,T1,ALL_COHORTS,GSE95233,3,0.034017111426076475,-0.24902434778712365,0.3170585706392766,0.0,0.0
SIG034,T1,PRIMARY_INDEPENDENT,GSE236713,3,0.019058094419983455,-0.3725191600753474,0.41063534891531434,0.0,0.0
SIG034,T1,PRIMARY_INDEPENDENT,GSE54514,3,0.05332997551762063,-0.07226435458155246,0.17892430561679373,0.0,0.0
SIG034,T1,PRIMARY_INDEPENDENT,GSE57065,3,0.0058372694316109796,-0.23302262580613609,0.24469716466935804,0.0,0.0
SIG034,T1,PRIMARY_INDEPENDENT,GSE95233,3,0.034017111426076475,-0.24902434778712365,0.3170585706392766,0.0,0.0
SIG034,T1,STRICT_NEVER_USED,GSE236713,3,0.019058094419983455,-0.3725191600753474,0.41063534891531434,0.0,0.0
SIG034,T1,STRICT_NEVER_USED,GSE54514,3,0.05332997551762063,-0.07226435458155246,0.17892430561679373,0.0,0.0
SIG034,T1,STRICT_NEVER_USED,GSE57065,3,0.0058372694316109796,-0.23302262580613609,0.24469716466935804,0.0,0.0
SIG034,T1,STRICT_NEVER_USED,GSE95233,3,0.034017111426076475,-0.24902434778712365,0.3170585706392766,0.0,0.0
SIG034,T2,ALL_COHORTS,GSE110487,4,-0.02698318337730212,-0.3008750673375233,0.24690870058291906,0.011265306597299587,20.2940126210988
SIG034,T2,ALL_COHORTS,GSE54514,4,-0.08201347807536542,-0.369678750907505,0.2056517947567742,0.011713157186666188,35.62096292572755
SIG034,T2,ALL_COHORTS,GSE57065,4,-0.10075928150292374,-0.3587165639713395,0.15719800096549202,0.00857675685305154,20.606915204145114
SIG034,T2,ALL_COHORTS,GSE8121,4,-0.1366567889269722,-0.40535859553158976,0.13204501767764537,0.0,4.4665993030175475
SIG034,T2,ALL_COHORTS,GSE95233,4,-0.012025562948639115,-0.2636979376685074,0.2396468117712292,0.0035554974916861,0.0
SIG034,T2,PRESPECIFIED_NON_PILOT_ONLY,GSE110487,2,-0.0830416400362869,-1.9450204150117378,1.7789371349391638,0.02724107745546685,63.40836343004713
SIG034,T2,PRESPECIFIED_NON_PILOT_ONLY,GSE8121,2,-0.22543305801255772,-0.32359208281991203,-0.12727403320520342,0.0,0.0
SIG034,T2,PRESPECIFIED_NON_PILOT_ONLY,GSE95233,2,-0.0654046854372143,-1.8215010860872078,1.6906917152127792,0.020098885203006765,52.19295628413917
SIG034,T2,PRIMARY_INDEPENDENT,GSE110487,4,-0.02698318337730212,-0.3008750673375233,0.24690870058291906,0.011265306597299587,20.2940126210988
SIG034,T2,PRIMARY_INDEPENDENT,GSE54514,4,-0.08201347807536542,-0.369678750907505,0.2056517947567742,0.011713157186666188,35.62096292572755
SIG034,T2,PRIMARY_INDEPENDENT,GSE57065,4,-0.10075928150292374,-0.3587165639713395,0.15719800096549202,0.00857675685305154,20.606915204145114
SIG034,T2,PRIMARY_INDEPENDENT,GSE8121,4,-0.1366567889269722,-0.40535859553158976,0.13204501767764537,0.0,4.4665993030175475
SIG034,T2,PRIMARY_INDEPENDENT,GSE95233,4,-0.012025562948639115,-0.2636979376685074,0.2396468117712292,0.0035554974916861,0.0
SIG034,T2,STRICT_NEVER_USED,GSE110487,4,-0.02698318337730212,-0.3008750673375233,0.24690870058291906,0.011265306597299587,20.2940126210988
SIG034,T2,STRICT_NEVER_USED,GSE54514,4,-0.08201347807536542,-0.369678750907505,0.2056517947567742,0.011713157186666188,35.62096292572755
SIG034,T2,STRICT_NEVER_USED,GSE57065,4,-0.10075928150292374,-0.3587165639713395,0.15719800096549202,0.00857675685305154,20.606915204145114
SIG034,T2,STRICT_NEVER_USED,GSE8121,4,-0.1366567889269722,-0.40535859553158976,0.13204501767764537,0.0,4.4665993030175475
SIG034,T2,STRICT_NEVER_USED,GSE95233,4,-0.012025562948639115,-0.2636979376685074,0.2396468117712292,0.0035554974916861,0.0
